endpoint_id,endpoint_name,mac,unit,log_type,event_time,received_time,message
EPNWM26Q,host-f23e,F6:D2:4B:B2:1F:60,unit-oscar,web_block,2026-09-01 13:26:13,02-09-2026 08:11:06,groww.in
EPNWM26Q,host-f23e,F6:D2:4B:B2:1F:60,unit-oscar,web_block,2026-09-01 13:27:13,02-09-2026 08:11:06,groww.in
EPQHPXVS,host-4b9f,FA:25:D5:57:41:93,unit-echo,web_block,2026-09-01 17:47:17,02-09-2026 07:47:19,sync.aralego.com
EPNXD2NI,host-bfb4,56:B2:D7:2A:B4:25,unit-quebec,web_block,2026-09-01 12:31:12,02-09-2026 08:56:41,api.ipify.org
EPNXD2NI,host-bfb4,56:B2:D7:2A:B4:25,unit-quebec,web_block,2026-09-01 12:36:12,02-09-2026 08:56:41,api.ipify.org
EPNXD2NI,host-bfb4,56:B2:D7:2A:B4:25,unit-quebec,web_block,2026-09-01 12:46:12,02-09-2026 08:56:41,api.ipify.org
EPNXD2NI,host-bfb4,56:B2:D7:2A:B4:25,unit-quebec,web_block,2026-09-01 12:33:12,02-09-2026 08:56:40,api.ipify.org
EPNXD2NI,host-bfb4,56:B2:D7:2A:B4:25,unit-quebec,web_block,2026-09-01 12:43:12,02-09-2026 08:56:40,api.ipify.org
EPNXD2NI,host-bfb4,56:B2:D7:2A:B4:25,unit-quebec,web_block,2026-09-01 12:49:12,02-09-2026 08:56:40,api.ipify.org
EPNXD2NI,host-bfb4,56:B2:D7:2A:B4:25,unit-quebec,web_block,2026-09-01 12:36:12,02-09-2026 08:56:40,api.ipify.org
EPNXD2NI,host-bfb4,56:B2:D7:2A:B4:25,unit-quebec,web_block,2026-09-01 12:46:12,02-09-2026 08:56:40,api.ipify.org
EPNXD2NI,host-bfb4,56:B2:D7:2A:B4:25,unit-quebec,web_block,2026-09-01 12:34:12,02-09-2026 08:56:41,api.ipify.org
EPNXD2NI,host-bfb4,56:B2:D7:2A:B4:25,unit-quebec,web_block,2026-09-01 12:44:12,02-09-2026 08:56:41,api.ipify.org
EPNXD2NI,host-bfb4,56:B2:D7:2A:B4:25,unit-quebec,web_block,2026-09-01 12:50:12,02-09-2026 08:56:41,api.ipify.org
EPNXD2NI,host-bfb4,56:B2:D7:2A:B4:25,unit-quebec,web_block,2026-09-01 12:34:12,02-09-2026 08:56:39,api.ipify.org
EPNXD2NI,host-bfb4,56:B2:D7:2A:B4:25,unit-quebec,web_block,2026-09-01 12:44:12,02-09-2026 08:56:39,api.ipify.org
EPNXD2NI,host-bfb4,56:B2:D7:2A:B4:25,unit-quebec,web_block,2026-09-01 12:50:12,02-09-2026 08:56:39,api.ipify.org
EPNXD2NI,host-bfb4,56:B2:D7:2A:B4:25,unit-quebec,web_block,2026-09-01 12:26:12,02-09-2026 08:56:41,api.ipify.org
EPIHPLA2,host-4cea,82:D1:34:96:C5:97,unit-oscar,web_block,2026-09-01 12:18:12,02-09-2026 08:27:02,www.facebook.com
EPIHPLA2,host-4cea,82:D1:34:96:C5:97,unit-oscar,web_block,2026-09-01 12:22:12,02-09-2026 08:27:02,www.facebook.com
EPIHPLA2,host-4cea,82:D1:34:96:C5:97,unit-oscar,web_block,2026-09-01 17:56:17,02-09-2026 08:27:02,www.facebook.com
EPIHPLA2,host-4cea,82:D1:34:96:C5:97,unit-oscar,web_block,2026-09-01 12:19:12,02-09-2026 08:27:02,www.facebook.com
EPNXD2NI,host-bfb4,56:B2:D7:2A:B4:25,unit-quebec,web_block,2026-09-01 12:52:12,02-09-2026 08:56:39,api.ipify.org
EPNXD2NI,host-bfb4,56:B2:D7:2A:B4:25,unit-quebec,web_block,2026-09-01 12:34:12,02-09-2026 08:56:39,api.ipify.org
EPNXD2NI,host-bfb4,56:B2:D7:2A:B4:25,unit-quebec,web_block,2026-09-01 12:45:12,02-09-2026 08:56:39,api.ipify.org
EPNXD2NI,host-bfb4,56:B2:D7:2A:B4:25,unit-quebec,web_block,2026-09-01 12:32:12,02-09-2026 08:56:41,api.ipify.org
EPNXD2NI,host-bfb4,56:B2:D7:2A:B4:25,unit-quebec,web_block,2026-09-01 12:43:12,02-09-2026 08:56:41,api.ipify.org
EPNXD2NI,host-bfb4,56:B2:D7:2A:B4:25,unit-quebec,web_block,2026-09-01 12:49:12,02-09-2026 08:56:41,api.ipify.org
EPNXD2NI,host-bfb4,56:B2:D7:2A:B4:25,unit-quebec,web_block,2026-09-01 12:34:12,02-09-2026 08:56:41,api.ipify.org
EPNXD2NI,host-bfb4,56:B2:D7:2A:B4:25,unit-quebec,web_block,2026-09-01 12:45:12,02-09-2026 08:56:41,api.ipify.org
EPNXD2NI,host-bfb4,56:B2:D7:2A:B4:25,unit-quebec,web_block,2026-09-01 12:52:12,02-09-2026 08:56:41,api.ipify.org
EPNXD2NI,host-bfb4,56:B2:D7:2A:B4:25,unit-quebec,web_block,2026-09-01 12:33:12,02-09-2026 08:56:41,api.ipify.org
EPNXD2NI,host-bfb4,56:B2:D7:2A:B4:25,unit-quebec,web_block,2026-09-01 12:49:12,02-09-2026 08:56:41,api.ipify.org
EPNXD2NI,host-bfb4,56:B2:D7:2A:B4:25,unit-quebec,web_block,2026-09-01 12:27:12,02-09-2026 08:56:41,api.ipify.org
EPNXD2NI,host-bfb4,56:B2:D7:2A:B4:25,unit-quebec,web_block,2026-09-01 12:35:12,02-09-2026 08:56:41,api.ipify.org
EPNXD2NI,host-bfb4,56:B2:D7:2A:B4:25,unit-quebec,web_block,2026-09-01 12:46:12,02-09-2026 08:56:41,api.ipify.org
EPNXD2NI,host-bfb4,56:B2:D7:2A:B4:25,unit-quebec,web_block,2026-09-01 12:26:12,02-09-2026 08:56:39,api.ipify.org
EPNXD2NI,host-bfb4,56:B2:D7:2A:B4:25,unit-quebec,web_block,2026-09-01 12:27:12,02-09-2026 08:56:39,api.ipify.org
EPNXD2NI,host-bfb4,56:B2:D7:2A:B4:25,unit-quebec,web_block,2026-09-01 12:31:12,02-09-2026 08:56:39,api.ipify.org
EPNXD2NI,host-bfb4,56:B2:D7:2A:B4:25,unit-quebec,web_block,2026-09-01 12:35:12,02-09-2026 08:56:39,api.ipify.org
EPNXD2NI,host-bfb4,56:B2:D7:2A:B4:25,unit-quebec,web_block,2026-09-01 12:46:12,02-09-2026 08:56:39,api.ipify.org
EPNXD2NI,host-bfb4,56:B2:D7:2A:B4:25,unit-quebec,web_block,2026-09-01 12:32:12,02-09-2026 08:56:40,api.ipify.org
EPNXD2NI,host-bfb4,56:B2:D7:2A:B4:25,unit-quebec,web_block,2026-09-01 12:43:12,02-09-2026 08:56:40,api.ipify.org
EPNXD2NI,host-bfb4,56:B2:D7:2A:B4:25,unit-quebec,web_block,2026-09-01 12:49:12,02-09-2026 08:56:40,api.ipify.org
EPNXD2NI,host-bfb4,56:B2:D7:2A:B4:25,unit-quebec,web_block,2026-09-01 12:43:12,02-09-2026 08:56:41,api.ipify.org
EPWADX3W,host-5699,72:5F:D5:71:F1:62,unit-juliett,web_block,2026-09-01 10:19:10,02-09-2026 09:31:51,www.reddit.com
EPJ7BIHC,host-1063,2E:0E:D9:31:6E:EB,unit-india,web_block,2026-09-01 11:35:11,02-09-2026 10:07:08,www.googleapis.com
EPJ7BIHC,host-1063,2E:0E:D9:31:6E:EB,unit-india,web_block,2026-09-01 11:36:11,02-09-2026 10:07:08,www.googleapis.com
EPJ7BIHC,host-1063,2E:0E:D9:31:6E:EB,unit-india,web_block,2026-09-01 11:48:11,02-09-2026 10:07:08,www.googleapis.com
EPMINU2I,host-300e,EE:0D:B2:42:FF:86,unit-romeo,web_block,2026-09-01 13:23:13,02-09-2026 09:34:19,www.facebook.com
EPMINU2I,host-300e,EE:0D:B2:42:FF:86,unit-romeo,web_block,2026-09-01 09:13:09,02-09-2026 09:34:19,www.facebook.com
EPMINU2I,host-300e,EE:0D:B2:42:FF:86,unit-romeo,web_block,2026-09-01 13:15:13,02-09-2026 09:34:19,www.facebook.com
EPNWM26Q,host-f23e,F6:D2:4B:B2:1F:60,unit-oscar,web_block,2026-09-02 16:42:16,03-09-2026 08:18:47,groww.in
EPNWM26Q,host-f23e,F6:D2:4B:B2:1F:60,unit-oscar,web_block,2026-09-02 16:42:16,03-09-2026 08:18:47,groww.in
EPGW2NY4,host-ceff,DE:CE:95:3B:95:83,unit-bravo,web_block,2026-09-02 10:41:10,03-09-2026 09:03:21,www.linkedin.com
EP65VPYQ,host-0b94,C6:55:93:4B:6B:00,unit-bravo,web_block,2026-09-02 10:33:10,03-09-2026 09:02:56,www.instagram.com
EP65VPYQ,host-0b94,C6:55:93:4B:6B:00,unit-bravo,web_block,2026-09-02 10:33:10,03-09-2026 09:02:56,www.linkedin.com
EPPWQND4,host-79c0,06:20:B2:68:58:20,unit-kilo,web_block,2026-09-02 20:00:20,03-09-2026 08:58:00,www.instagram.com
EPPWQND4,host-79c0,06:20:B2:68:58:20,unit-kilo,web_block,2026-09-02 13:10:13,03-09-2026 08:58:00,www.instagram.com
EPPWQND4,host-79c0,06:20:B2:68:58:20,unit-kilo,web_block,2026-09-02 13:10:13,03-09-2026 08:58:00,yandex.ru
EPMQTKSL,host-942d,06:30:01:86:E8:62,unit-charlie,web_block,2026-09-02 10:43:10,03-09-2026 10:46:12,ecp.yusercontent.com
EPMQTKSL,host-942d,06:30:01:86:E8:62,unit-charlie,web_block,2026-09-02 10:44:10,03-09-2026 10:46:12,ecp.yusercontent.com
EPMQTKSL,host-942d,06:30:01:86:E8:62,unit-charlie,web_block,2026-09-02 10:45:10,03-09-2026 10:46:12,ecp.yusercontent.com
EP3PJJZF,host-dc67,3E:BA:F9:10:6B:AB,unit-foxtrot,web_block,2026-09-03 08:53:08,04-09-2026 10:31:38,www.facebook.com
EPVEKWWM,host-aa1b,F2:69:D3:29:AF:66,unit-papa,web_block,2026-09-03 11:53:11,04-09-2026 12:03:06,www.instagram.com
EPPTT5KU,host-6420,CE:EE:8E:20:CA:B9,unit-quebec,web_block,2026-09-03 17:28:17,04-09-2026 09:52:08,www.instagram.com
EPWADX3W,host-5699,72:5F:D5:71:F1:62,unit-juliett,web_block,2026-09-03 09:29:09,04-09-2026 09:50:14,www.facebook.com
EPIXXNDT,host-e032,5A:24:D8:1B:D4:5F,unit-kilo,web_block,2026-09-02 20:30:20,04-09-2026 11:44:08,api.ipify.org
EPIXXNDT,host-e032,5A:24:D8:1B:D4:5F,unit-kilo,web_block,2026-09-02 20:30:20,04-09-2026 11:44:08,api.ipify.org
EPIXXNDT,host-e032,5A:24:D8:1B:D4:5F,unit-kilo,web_block,2026-09-02 20:33:20,04-09-2026 11:44:08,www.googleapis.com
EPIXXNDT,host-e032,5A:24:D8:1B:D4:5F,unit-kilo,web_block,2026-09-02 20:33:20,04-09-2026 11:44:08,www.googleapis.com
EPIXXNDT,host-e032,5A:24:D8:1B:D4:5F,unit-kilo,web_block,2026-09-02 20:32:20,04-09-2026 11:44:08,api.ipify.org
EPIXXNDT,host-e032,5A:24:D8:1B:D4:5F,unit-kilo,web_block,2026-09-02 20:32:20,04-09-2026 11:44:08,api.ipify.org
EPIXXNDT,host-e032,5A:24:D8:1B:D4:5F,unit-kilo,web_block,2026-09-02 20:30:20,04-09-2026 11:44:08,api.ipify.org
EPIXXNDT,host-e032,5A:24:D8:1B:D4:5F,unit-kilo,web_block,2026-09-02 20:29:20,04-09-2026 11:44:08,api.ipify.org
EPIXXNDT,host-e032,5A:24:D8:1B:D4:5F,unit-kilo,web_block,2026-09-02 20:29:20,04-09-2026 11:44:08,api.ipify.org
EPIXXNDT,host-e032,5A:24:D8:1B:D4:5F,unit-kilo,web_block,2026-09-02 20:30:20,04-09-2026 11:44:08,api.ipify.org
EPIXXNDT,host-e032,5A:24:D8:1B:D4:5F,unit-kilo,web_block,2026-09-02 20:30:20,04-09-2026 11:44:08,api.ipify.org
EPIXXNDT,host-e032,5A:24:D8:1B:D4:5F,unit-kilo,web_block,2026-09-02 20:31:20,04-09-2026 11:44:08,api.ipify.org
EPIXXNDT,host-e032,5A:24:D8:1B:D4:5F,unit-kilo,web_block,2026-09-02 20:31:20,04-09-2026 11:44:08,api.ipify.org
EPIXXNDT,host-e032,5A:24:D8:1B:D4:5F,unit-kilo,web_block,2026-09-02 20:37:20,04-09-2026 11:44:08,api.ipify.org
EPIXXNDT,host-e032,5A:24:D8:1B:D4:5F,unit-kilo,web_block,2026-09-02 20:37:20,04-09-2026 11:44:08,api.ipify.org
EPIXXNDT,host-e032,5A:24:D8:1B:D4:5F,unit-kilo,web_block,2026-09-02 20:30:20,04-09-2026 11:44:08,api.ipify.org
EPMDU6L5,host-b05e,32:B6:D9:DA:8B:BD,unit-oscar,web_block,2026-09-03 13:48:13,04-09-2026 09:01:18,api.ipify.org
EPVEKWWM,host-aa1b,F2:69:D3:29:AF:66,unit-papa,web_block,2026-09-03 11:57:11,04-09-2026 12:03:06,ssc.33across.com
EPVEKWWM,host-aa1b,F2:69:D3:29:AF:66,unit-papa,web_block,2026-09-03 11:56:11,04-09-2026 12:03:06,ssc.33across.com
EPIXXNDT,host-e032,5A:24:D8:1B:D4:5F,unit-kilo,web_block,2026-09-02 20:29:20,03-09-2026 17:48:58,api.ipify.org
EPIXXNDT,host-e032,5A:24:D8:1B:D4:5F,unit-kilo,web_block,2026-09-02 20:30:20,03-09-2026 17:49:04,api.ipify.org
EPIXXNDT,host-e032,5A:24:D8:1B:D4:5F,unit-kilo,web_block,2026-09-02 20:29:20,03-09-2026 17:49:08,api.ipify.org
EPIXXNDT,host-e032,5A:24:D8:1B:D4:5F,unit-kilo,web_block,2026-09-02 20:33:20,03-09-2026 17:49:08,www.googleapis.com
EPIXXNDT,host-e032,5A:24:D8:1B:D4:5F,unit-kilo,web_block,2026-09-02 20:30:20,03-09-2026 17:49:08,api.ipify.org
EPIXXNDT,host-e032,5A:24:D8:1B:D4:5F,unit-kilo,web_block,2026-09-02 20:30:20,03-09-2026 17:49:08,api.ipify.org
EPIXXNDT,host-e032,5A:24:D8:1B:D4:5F,unit-kilo,web_block,2026-09-02 20:37:20,03-09-2026 17:49:08,api.ipify.org
EPIXXNDT,host-e032,5A:24:D8:1B:D4:5F,unit-kilo,web_block,2026-09-02 20:31:20,03-09-2026 17:49:08,api.ipify.org
EPIXXNDT,host-e032,5A:24:D8:1B:D4:5F,unit-kilo,web_block,2026-09-02 20:32:20,03-09-2026 17:49:08,api.ipify.org
EPIXXNDT,host-e032,5A:24:D8:1B:D4:5F,unit-kilo,web_block,2026-09-02 20:30:20,03-09-2026 17:49:08,api.ipify.org
EPBMNHPG,host-488b,12:24:59:05:EA:97,unit-lima,web_block,2026-09-03 12:19:12,04-09-2026 08:13:00,www.facebook.com
EPBMNHPG,host-488b,12:24:59:05:EA:97,unit-lima,web_block,2026-09-03 12:18:12,04-09-2026 08:13:00,www.facebook.com
EPBMNHPG,host-488b,12:24:59:05:EA:97,unit-lima,web_block,2026-09-03 12:17:12,04-09-2026 08:13:00,www.facebook.com
EPBMNHPG,host-488b,12:24:59:05:EA:97,unit-lima,web_block,2026-09-03 12:19:12,04-09-2026 08:13:00,www.facebook.com
EPBMNHPG,host-488b,12:24:59:05:EA:97,unit-lima,web_block,2026-09-03 12:16:12,04-09-2026 08:13:00,www.facebook.com
EPBMNHPG,host-488b,12:24:59:05:EA:97,unit-lima,web_block,2026-09-03 12:12:12,04-09-2026 08:13:00,www.facebook.com
EPIEVJCR,host-14cd,AE:FF:18:58:9C:B1,unit-lima,web_block,2026-09-04 17:56:17,05-09-2026 08:48:46,www.googleapis.com
EPAGTKNF,host-227c,B2:F1:48:20:04:E9,unit-quebec,web_block,2026-09-03 19:12:19,04-09-2026 18:09:18,www.linkedin.com
EPAGTKNF,host-227c,B2:F1:48:20:04:E9,unit-quebec,web_block,2026-09-03 19:12:19,04-09-2026 18:09:26,www.linkedin.com
EPTDOI6T,host-4a53,1E:0A:85:BD:77:BF,unit-india,web_block,2026-09-04 19:19:19,05-09-2026 09:15:27,www.facebook.com
EPTDOI6T,host-4a53,1E:0A:85:BD:77:BF,unit-india,web_block,2026-09-04 19:38:19,05-09-2026 09:15:27,www.linkedin.com
EPJ7BIHC,host-1063,2E:0E:D9:31:6E:EB,unit-india,web_block,2026-09-04 16:17:16,05-09-2026 12:15:56,www.googleapis.com
EPJ7BIHC,host-1063,2E:0E:D9:31:6E:EB,unit-india,web_block,2026-09-04 14:47:14,05-09-2026 12:15:56,www.googleapis.com
EPJ7BIHC,host-1063,2E:0E:D9:31:6E:EB,unit-india,web_block,2026-09-04 16:18:16,05-09-2026 12:15:36,www.googleapis.com
EPJ7BIHC,host-1063,2E:0E:D9:31:6E:EB,unit-india,web_block,2026-09-04 15:09:15,05-09-2026 12:15:36,www.googleapis.com
EPJ7BIHC,host-1063,2E:0E:D9:31:6E:EB,unit-india,web_block,2026-09-04 16:24:16,05-09-2026 12:15:36,www.googleapis.com
EPJ7BIHC,host-1063,2E:0E:D9:31:6E:EB,unit-india,web_block,2026-09-04 16:48:16,05-09-2026 12:15:39,www.linkedin.com
EPJ7BIHC,host-1063,2E:0E:D9:31:6E:EB,unit-india,web_block,2026-09-04 16:50:16,05-09-2026 12:15:42,www.googleapis.com
EPJ7BIHC,host-1063,2E:0E:D9:31:6E:EB,unit-india,web_block,2026-09-04 14:48:14,05-09-2026 12:15:36,www.googleapis.com
EPJ7BIHC,host-1063,2E:0E:D9:31:6E:EB,unit-india,web_block,2026-09-04 16:47:16,05-09-2026 12:15:39,www.facebook.com
EPJ7BIHC,host-1063,2E:0E:D9:31:6E:EB,unit-india,web_block,2026-09-04 17:03:17,05-09-2026 12:15:48,www.googleapis.com
EPJ7BIHC,host-1063,2E:0E:D9:31:6E:EB,unit-india,web_block,2026-09-04 16:50:16,05-09-2026 12:15:56,www.googleapis.com
EPJ7BIHC,host-1063,2E:0E:D9:31:6E:EB,unit-india,web_block,2026-09-04 17:18:17,05-09-2026 12:15:56,www.googleapis.com
EPJ7BIHC,host-1063,2E:0E:D9:31:6E:EB,unit-india,web_block,2026-09-04 16:48:16,05-09-2026 12:15:56,www.linkedin.com
EPJ7BIHC,host-1063,2E:0E:D9:31:6E:EB,unit-india,web_block,2026-09-04 17:13:17,05-09-2026 12:15:56,www.googleapis.com
EPJ7BIHC,host-1063,2E:0E:D9:31:6E:EB,unit-india,web_block,2026-09-04 16:50:16,05-09-2026 12:15:42,www.facebook.com
EPJ7BIHC,host-1063,2E:0E:D9:31:6E:EB,unit-india,web_block,2026-09-04 14:48:14,05-09-2026 12:15:36,www.googleapis.com
EPJ7BIHC,host-1063,2E:0E:D9:31:6E:EB,unit-india,web_block,2026-09-04 16:18:16,05-09-2026 12:15:36,www.googleapis.com
EPJ7BIHC,host-1063,2E:0E:D9:31:6E:EB,unit-india,web_block,2026-09-04 16:17:16,05-09-2026 12:15:36,www.googleapis.com
EPJ7BIHC,host-1063,2E:0E:D9:31:6E:EB,unit-india,web_block,2026-09-04 14:47:14,05-09-2026 12:15:36,www.googleapis.com
EPJ7BIHC,host-1063,2E:0E:D9:31:6E:EB,unit-india,web_block,2026-09-04 16:18:16,05-09-2026 12:15:36,www.googleapis.com
EPJ7BIHC,host-1063,2E:0E:D9:31:6E:EB,unit-india,web_block,2026-09-04 16:50:16,05-09-2026 12:15:43,www.googleapis.com
EPJ7BIHC,host-1063,2E:0E:D9:31:6E:EB,unit-india,web_block,2026-09-04 16:51:16,05-09-2026 12:15:44,www.facebook.com
EPJ7BIHC,host-1063,2E:0E:D9:31:6E:EB,unit-india,web_block,2026-09-04 17:05:17,05-09-2026 12:15:56,www.facebook.com
EPJ7BIHC,host-1063,2E:0E:D9:31:6E:EB,unit-india,web_block,2026-09-04 16:25:16,05-09-2026 12:15:36,www.googleapis.com
EPJ7BIHC,host-1063,2E:0E:D9:31:6E:EB,unit-india,web_block,2026-09-04 16:27:16,05-09-2026 12:15:36,www.googleapis.com
EPJ7BIHC,host-1063,2E:0E:D9:31:6E:EB,unit-india,web_block,2026-09-04 16:50:16,05-09-2026 12:15:44,www.googleapis.com
EPJ7BIHC,host-1063,2E:0E:D9:31:6E:EB,unit-india,web_block,2026-09-04 17:00:17,05-09-2026 12:15:48,www.googleapis.com
EPJ7BIHC,host-1063,2E:0E:D9:31:6E:EB,unit-india,web_block,2026-09-04 17:03:17,05-09-2026 12:15:48,www.googleapis.com
EPJ7BIHC,host-1063,2E:0E:D9:31:6E:EB,unit-india,web_block,2026-09-04 17:04:17,05-09-2026 12:15:48,www.facebook.com
EPJ7BIHC,host-1063,2E:0E:D9:31:6E:EB,unit-india,web_block,2026-09-04 17:05:17,05-09-2026 12:15:48,www.facebook.com
EPJ7BIHC,host-1063,2E:0E:D9:31:6E:EB,unit-india,web_block,2026-09-04 15:09:15,05-09-2026 12:15:36,www.googleapis.com
EPJ7BIHC,host-1063,2E:0E:D9:31:6E:EB,unit-india,web_block,2026-09-04 16:24:16,05-09-2026 12:15:36,www.googleapis.com
EPJ7BIHC,host-1063,2E:0E:D9:31:6E:EB,unit-india,web_block,2026-09-04 16:24:16,05-09-2026 12:15:36,www.googleapis.com
EPJ7BIHC,host-1063,2E:0E:D9:31:6E:EB,unit-india,web_block,2026-09-04 15:09:15,05-09-2026 12:15:36,www.googleapis.com
EPJ7BIHC,host-1063,2E:0E:D9:31:6E:EB,unit-india,web_block,2026-09-04 16:25:16,05-09-2026 12:15:36,www.googleapis.com
EPJ7BIHC,host-1063,2E:0E:D9:31:6E:EB,unit-india,web_block,2026-09-04 16:50:16,05-09-2026 12:15:42,www.facebook.com
EPJ7BIHC,host-1063,2E:0E:D9:31:6E:EB,unit-india,web_block,2026-09-04 16:50:16,05-09-2026 12:15:42,www.googleapis.com
EPJ7BIHC,host-1063,2E:0E:D9:31:6E:EB,unit-india,web_block,2026-09-04 16:51:16,05-09-2026 12:15:44,www.facebook.com
EPJ7BIHC,host-1063,2E:0E:D9:31:6E:EB,unit-india,web_block,2026-09-04 16:51:16,05-09-2026 12:15:46,www.facebook.com
EPJ7BIHC,host-1063,2E:0E:D9:31:6E:EB,unit-india,web_block,2026-09-04 15:09:15,05-09-2026 12:15:56,www.googleapis.com
EPJ7BIHC,host-1063,2E:0E:D9:31:6E:EB,unit-india,web_block,2026-09-04 16:50:16,05-09-2026 12:15:56,www.facebook.com
EPJ7BIHC,host-1063,2E:0E:D9:31:6E:EB,unit-india,web_block,2026-09-04 17:16:17,05-09-2026 12:15:56,www.googleapis.com
EPJ7BIHC,host-1063,2E:0E:D9:31:6E:EB,unit-india,web_block,2026-09-04 17:07:17,05-09-2026 12:15:56,www.facebook.com
EPJ7BIHC,host-1063,2E:0E:D9:31:6E:EB,unit-india,web_block,2026-09-04 16:27:16,05-09-2026 12:15:56,www.googleapis.com
EPJ7BIHC,host-1063,2E:0E:D9:31:6E:EB,unit-india,web_block,2026-09-04 17:03:17,05-09-2026 12:15:56,www.googleapis.com
EPJ7BIHC,host-1063,2E:0E:D9:31:6E:EB,unit-india,web_block,2026-09-04 16:48:16,05-09-2026 12:15:56,www.facebook.com
EPJ7BIHC,host-1063,2E:0E:D9:31:6E:EB,unit-india,web_block,2026-09-04 16:25:16,05-09-2026 12:15:56,www.googleapis.com
EPJ7BIHC,host-1063,2E:0E:D9:31:6E:EB,unit-india,web_block,2026-09-04 17:03:17,05-09-2026 12:15:56,www.facebook.com
EPJ7BIHC,host-1063,2E:0E:D9:31:6E:EB,unit-india,web_block,2026-09-04 16:18:16,05-09-2026 12:15:56,www.googleapis.com
EPJ7BIHC,host-1063,2E:0E:D9:31:6E:EB,unit-india,web_block,2026-09-04 16:51:16,05-09-2026 12:15:56,www.facebook.com
EPJ7BIHC,host-1063,2E:0E:D9:31:6E:EB,unit-india,web_block,2026-09-04 16:24:16,05-09-2026 12:15:56,www.googleapis.com
EPJ7BIHC,host-1063,2E:0E:D9:31:6E:EB,unit-india,web_block,2026-09-04 17:00:17,05-09-2026 12:15:56,www.googleapis.com
EPJ7BIHC,host-1063,2E:0E:D9:31:6E:EB,unit-india,web_block,2026-09-04 16:29:16,05-09-2026 12:15:36,www.googleapis.com
EPJ7BIHC,host-1063,2E:0E:D9:31:6E:EB,unit-india,web_block,2026-09-04 16:50:16,05-09-2026 12:15:42,www.facebook.com
EPJ7BIHC,host-1063,2E:0E:D9:31:6E:EB,unit-india,web_block,2026-09-04 16:51:16,05-09-2026 12:15:44,www.facebook.com
EPJ7BIHC,host-1063,2E:0E:D9:31:6E:EB,unit-india,web_block,2026-09-04 14:48:14,05-09-2026 12:15:36,www.googleapis.com
EPJ7BIHC,host-1063,2E:0E:D9:31:6E:EB,unit-india,web_block,2026-09-04 16:18:16,05-09-2026 12:15:36,www.googleapis.com
EPJ7BIHC,host-1063,2E:0E:D9:31:6E:EB,unit-india,web_block,2026-09-04 16:33:16,05-09-2026 12:15:36,www.facebook.com
EPJ7BIHC,host-1063,2E:0E:D9:31:6E:EB,unit-india,web_block,2026-09-04 15:09:15,05-09-2026 12:15:36,www.googleapis.com
EPJ7BIHC,host-1063,2E:0E:D9:31:6E:EB,unit-india,web_block,2026-09-04 16:25:16,05-09-2026 12:15:36,www.googleapis.com
EPJ7BIHC,host-1063,2E:0E:D9:31:6E:EB,unit-india,web_block,2026-09-04 16:17:16,05-09-2026 12:15:36,www.googleapis.com
EPJ7BIHC,host-1063,2E:0E:D9:31:6E:EB,unit-india,web_block,2026-09-04 16:27:16,05-09-2026 12:15:36,www.googleapis.com
EPJ7BIHC,host-1063,2E:0E:D9:31:6E:EB,unit-india,web_block,2026-09-04 17:04:17,05-09-2026 12:15:48,www.facebook.com
EPJ7BIHC,host-1063,2E:0E:D9:31:6E:EB,unit-india,web_block,2026-09-04 16:29:16,05-09-2026 12:15:56,www.googleapis.com
EPJ7BIHC,host-1063,2E:0E:D9:31:6E:EB,unit-india,web_block,2026-09-04 16:33:16,05-09-2026 12:15:56,www.facebook.com
EPJ7BIHC,host-1063,2E:0E:D9:31:6E:EB,unit-india,web_block,2026-09-04 16:47:16,05-09-2026 12:15:56,www.facebook.com
EPJ7BIHC,host-1063,2E:0E:D9:31:6E:EB,unit-india,web_block,2026-09-04 17:04:17,05-09-2026 12:15:56,www.facebook.com
EPJ7BIHC,host-1063,2E:0E:D9:31:6E:EB,unit-india,web_block,2026-09-04 14:48:14,05-09-2026 12:15:36,www.googleapis.com
EPJ7BIHC,host-1063,2E:0E:D9:31:6E:EB,unit-india,web_block,2026-09-04 16:18:16,05-09-2026 12:15:36,www.googleapis.com
EPJ7BIHC,host-1063,2E:0E:D9:31:6E:EB,unit-india,web_block,2026-09-04 16:29:16,05-09-2026 12:15:36,www.googleapis.com
EPJ7BIHC,host-1063,2E:0E:D9:31:6E:EB,unit-india,web_block,2026-09-04 16:48:16,05-09-2026 12:15:39,www.facebook.com
EPJ7BIHC,host-1063,2E:0E:D9:31:6E:EB,unit-india,web_block,2026-09-04 16:49:16,05-09-2026 12:15:42,www.facebook.com
EPJ7BIHC,host-1063,2E:0E:D9:31:6E:EB,unit-india,web_block,2026-09-04 17:03:17,05-09-2026 12:15:48,www.facebook.com
EPJ7BIHC,host-1063,2E:0E:D9:31:6E:EB,unit-india,web_block,2026-09-04 17:03:17,05-09-2026 12:15:48,www.googleapis.com
EPJ7BIHC,host-1063,2E:0E:D9:31:6E:EB,unit-india,web_block,2026-09-04 14:48:14,05-09-2026 12:15:56,www.googleapis.com
EPJ7BIHC,host-1063,2E:0E:D9:31:6E:EB,unit-india,web_block,2026-09-04 17:14:17,05-09-2026 12:15:56,www.googleapis.com
EPJ7BIHC,host-1063,2E:0E:D9:31:6E:EB,unit-india,web_block,2026-09-04 16:49:16,05-09-2026 12:15:56,www.facebook.com
EPJ7BIHC,host-1063,2E:0E:D9:31:6E:EB,unit-india,web_block,2026-09-04 17:15:17,05-09-2026 12:15:56,www.googleapis.com
EPMQTKSL,host-942d,06:30:01:86:E8:62,unit-charlie,web_block,2026-09-05 09:49:09,06-09-2026 09:34:59,sync.aralego.com
EPYG5XQP,host-a217,62:63:72:D4:90:9C,unit-romeo,web_block,2026-09-04 11:30:11,05-09-2026 07:45:55,www.facebook.com
EPYG5XQP,host-a217,62:63:72:D4:90:9C,unit-romeo,web_block,2026-09-04 11:30:11,05-09-2026 07:45:55,www.facebook.com
EPYG5XQP,host-a217,62:63:72:D4:90:9C,unit-romeo,web_block,2026-09-04 11:31:11,05-09-2026 07:45:55,www.facebook.com
EPYG5XQP,host-a217,62:63:72:D4:90:9C,unit-romeo,web_block,2026-09-04 11:30:11,05-09-2026 07:45:55,www.linkedin.com
EPMQTKSL,host-942d,06:30:01:86:E8:62,unit-charlie,web_block,2026-09-03 10:52:10,05-09-2026 08:17:28,ecp.yusercontent.com
EPMQTKSL,host-942d,06:30:01:86:E8:62,unit-charlie,web_block,2026-09-03 12:07:12,05-09-2026 08:17:28,ecp.yusercontent.com
EPMQTKSL,host-942d,06:30:01:86:E8:62,unit-charlie,web_block,2026-09-03 10:49:10,05-09-2026 08:17:28,ecp.yusercontent.com
EPMQTKSL,host-942d,06:30:01:86:E8:62,unit-charlie,web_block,2026-09-03 10:51:10,05-09-2026 08:17:28,ecp.yusercontent.com
EPMQTKSL,host-942d,06:30:01:86:E8:62,unit-charlie,web_block,2026-09-05 09:42:09,06-09-2026 09:34:59,ecp.yusercontent.com
EPIXXNDT,host-e032,5A:24:D8:1B:D4:5F,unit-kilo,web_block,2026-09-02 20:37:20,06-09-2026 09:55:11,api.ipify.org
EPIXXNDT,host-e032,5A:24:D8:1B:D4:5F,unit-kilo,web_block,2026-09-02 20:37:20,06-09-2026 09:55:11,api.ipify.org
EPIXXNDT,host-e032,5A:24:D8:1B:D4:5F,unit-kilo,web_block,2026-09-02 20:31:20,06-09-2026 09:55:11,api.ipify.org
EPIXXNDT,host-e032,5A:24:D8:1B:D4:5F,unit-kilo,web_block,2026-09-02 20:30:20,06-09-2026 09:55:11,api.ipify.org
EPIXXNDT,host-e032,5A:24:D8:1B:D4:5F,unit-kilo,web_block,2026-09-02 20:30:20,06-09-2026 09:55:11,api.ipify.org
EPIXXNDT,host-e032,5A:24:D8:1B:D4:5F,unit-kilo,web_block,2026-09-02 20:30:20,06-09-2026 09:55:11,api.ipify.org
EPIXXNDT,host-e032,5A:24:D8:1B:D4:5F,unit-kilo,web_block,2026-09-02 20:33:20,06-09-2026 09:55:11,www.googleapis.com
EPIXXNDT,host-e032,5A:24:D8:1B:D4:5F,unit-kilo,web_block,2026-09-02 20:33:20,06-09-2026 09:55:11,www.googleapis.com
EPIXXNDT,host-e032,5A:24:D8:1B:D4:5F,unit-kilo,web_block,2026-09-02 20:32:20,06-09-2026 09:55:11,api.ipify.org
EPIXXNDT,host-e032,5A:24:D8:1B:D4:5F,unit-kilo,web_block,2026-09-02 20:32:20,06-09-2026 09:55:11,api.ipify.org
EPIXXNDT,host-e032,5A:24:D8:1B:D4:5F,unit-kilo,web_block,2026-09-02 20:30:20,06-09-2026 09:55:11,api.ipify.org
EPIXXNDT,host-e032,5A:24:D8:1B:D4:5F,unit-kilo,web_block,2026-09-02 20:30:20,06-09-2026 09:55:11,api.ipify.org
EPIXXNDT,host-e032,5A:24:D8:1B:D4:5F,unit-kilo,web_block,2026-09-02 20:29:20,06-09-2026 09:55:11,api.ipify.org
EPIXXNDT,host-e032,5A:24:D8:1B:D4:5F,unit-kilo,web_block,2026-09-02 20:29:20,06-09-2026 09:55:11,api.ipify.org
EPIXXNDT,host-e032,5A:24:D8:1B:D4:5F,unit-kilo,web_block,2026-09-02 20:30:20,06-09-2026 09:55:11,api.ipify.org
EPIXXNDT,host-e032,5A:24:D8:1B:D4:5F,unit-kilo,web_block,2026-09-02 20:31:20,06-09-2026 09:55:11,api.ipify.org
EPE7YMMO,host-1bef,6E:82:5E:84:04:9E,unit-kilo,web_block,2026-09-05 19:10:19,06-09-2026 10:24:25,www.facebook.com
EPLZ6PWJ,host-cade,B6:33:F5:B1:C2:DE,unit-lima,web_block,2026-09-05 08:39:08,06-09-2026 11:37:52,www.dropbox.com
EPMY53PL,host-711a,CA:78:E5:12:20:A2,unit-india,web_block,2026-09-05 10:53:10,07-09-2026 08:49:29,sync.aralego.com
EPCLJGKA,host-aa31,0A:0E:E9:38:8B:18,unit-echo,web_block,2026-09-05 13:55:13,07-09-2026 08:45:55,www.linkedin.com
EPCLJGKA,host-aa31,0A:0E:E9:38:8B:18,unit-echo,web_block,2026-09-05 13:55:13,07-09-2026 08:46:08,www.linkedin.com
EPIXXNDT,host-e032,5A:24:D8:1B:D4:5F,unit-kilo,web_block,2026-09-02 20:29:20,07-09-2026 05:52:38,api.ipify.org
EPIXXNDT,host-e032,5A:24:D8:1B:D4:5F,unit-kilo,web_block,2026-09-02 20:30:20,07-09-2026 05:52:38,api.ipify.org
EPIXXNDT,host-e032,5A:24:D8:1B:D4:5F,unit-kilo,web_block,2026-09-02 20:30:20,07-09-2026 05:52:38,api.ipify.org
EPIXXNDT,host-e032,5A:24:D8:1B:D4:5F,unit-kilo,web_block,2026-09-02 20:29:20,07-09-2026 05:52:38,api.ipify.org
EPIXXNDT,host-e032,5A:24:D8:1B:D4:5F,unit-kilo,web_block,2026-09-02 20:30:20,07-09-2026 05:52:38,api.ipify.org
EPIXXNDT,host-e032,5A:24:D8:1B:D4:5F,unit-kilo,web_block,2026-09-02 20:30:20,07-09-2026 05:52:38,api.ipify.org
EPIXXNDT,host-e032,5A:24:D8:1B:D4:5F,unit-kilo,web_block,2026-09-02 20:32:20,07-09-2026 05:52:38,api.ipify.org
EPIXXNDT,host-e032,5A:24:D8:1B:D4:5F,unit-kilo,web_block,2026-09-02 20:32:20,07-09-2026 05:52:38,api.ipify.org
EPIXXNDT,host-e032,5A:24:D8:1B:D4:5F,unit-kilo,web_block,2026-09-02 20:31:20,07-09-2026 05:52:38,api.ipify.org
EPIXXNDT,host-e032,5A:24:D8:1B:D4:5F,unit-kilo,web_block,2026-09-02 20:31:20,07-09-2026 05:52:38,api.ipify.org
EPIXXNDT,host-e032,5A:24:D8:1B:D4:5F,unit-kilo,web_block,2026-09-02 20:37:20,07-09-2026 05:52:38,api.ipify.org
EPIXXNDT,host-e032,5A:24:D8:1B:D4:5F,unit-kilo,web_block,2026-09-02 20:37:20,07-09-2026 05:52:38,api.ipify.org
EPIXXNDT,host-e032,5A:24:D8:1B:D4:5F,unit-kilo,web_block,2026-09-02 20:33:20,07-09-2026 05:52:38,www.googleapis.com
EPIXXNDT,host-e032,5A:24:D8:1B:D4:5F,unit-kilo,web_block,2026-09-02 20:33:20,07-09-2026 05:52:38,www.googleapis.com
EPIXXNDT,host-e032,5A:24:D8:1B:D4:5F,unit-kilo,web_block,2026-09-02 20:30:20,07-09-2026 05:52:38,api.ipify.org
EPIXXNDT,host-e032,5A:24:D8:1B:D4:5F,unit-kilo,web_block,2026-09-02 20:30:20,07-09-2026 05:52:38,api.ipify.org
EPQHPXVS,host-4b9f,FA:25:D5:57:41:93,unit-echo,web_block,2026-09-06 17:36:17,07-09-2026 07:10:37,reddit.com
EPQHPXVS,host-4b9f,FA:25:D5:57:41:93,unit-echo,web_block,2026-09-06 17:36:17,07-09-2026 07:10:37,twitter.com
EPMQTKSL,host-942d,06:30:01:86:E8:62,unit-charlie,web_block,2026-09-06 09:46:09,07-09-2026 08:22:48,ecp.yusercontent.com
EPQTJPGC,host-4379,7E:B7:76:65:14:23,unit-november,web_block,2026-09-05 14:29:14,07-09-2026 09:26:11,www.facebook.com
EPAJI3E5,host-f6a4,F2:07:5D:2A:72:97,unit-oscar,web_block,2026-09-07 20:00:20,08-09-2026 06:10:16,sync.aralego.com
EPT3KTUL,host-ad7a,3A:55:96:42:A1:8C,unit-quebec,web_block,2026-09-06 10:21:10,07-09-2026 13:15:38,sync.aralego.com
EPIE7YGU,host-c5ef,F2:26:0D:76:0F:5A,unit-november,web_block,2026-09-05 13:12:13,07-09-2026 09:44:44,www.linkedin.com
EPLZ6PWJ,host-cade,B6:33:F5:B1:C2:DE,unit-lima,web_block,2026-09-07 08:15:08,08-09-2026 08:10:39,www.dropbox.com
EPLZ6PWJ,host-cade,B6:33:F5:B1:C2:DE,unit-lima,web_block,2026-09-07 08:16:08,08-09-2026 08:10:39,www.dropbox.com
EPIE7YGU,host-c5ef,F2:26:0D:76:0F:5A,unit-november,web_block,2026-09-05 13:12:13,07-09-2026 09:44:44,www.linkedin.com
EPNXD2NI,host-bfb4,56:B2:D7:2A:B4:25,unit-quebec,web_block,2026-09-06 21:41:21,07-09-2026 11:58:50,sync.aralego.com
EPIE7YGU,host-c5ef,F2:26:0D:76:0F:5A,unit-november,web_block,2026-09-05 13:12:13,07-09-2026 09:44:44,www.googleapis.com
EPPWQND4,host-79c0,06:20:B2:68:58:20,unit-kilo,web_block,2026-09-06 11:54:11,07-09-2026 09:48:46,www.instagram.com
EPIXXNDT,host-e032,5A:24:D8:1B:D4:5F,unit-kilo,web_block,2026-09-02 20:30:20,07-09-2026 11:41:18,api.ipify.org
EPIXXNDT,host-e032,5A:24:D8:1B:D4:5F,unit-kilo,web_block,2026-09-02 20:30:20,07-09-2026 11:41:18,api.ipify.org
EPIXXNDT,host-e032,5A:24:D8:1B:D4:5F,unit-kilo,web_block,2026-09-02 20:29:20,07-09-2026 11:41:18,api.ipify.org
EPIXXNDT,host-e032,5A:24:D8:1B:D4:5F,unit-kilo,web_block,2026-09-02 20:29:20,07-09-2026 11:41:18,api.ipify.org
EPIXXNDT,host-e032,5A:24:D8:1B:D4:5F,unit-kilo,web_block,2026-09-02 20:31:20,07-09-2026 11:41:18,api.ipify.org
EPIXXNDT,host-e032,5A:24:D8:1B:D4:5F,unit-kilo,web_block,2026-09-02 20:31:20,07-09-2026 11:41:18,api.ipify.org
EPIXXNDT,host-e032,5A:24:D8:1B:D4:5F,unit-kilo,web_block,2026-09-02 20:33:20,07-09-2026 11:41:18,www.googleapis.com
EPIXXNDT,host-e032,5A:24:D8:1B:D4:5F,unit-kilo,web_block,2026-09-02 20:30:20,07-09-2026 11:41:18,api.ipify.org
EPIXXNDT,host-e032,5A:24:D8:1B:D4:5F,unit-kilo,web_block,2026-09-02 20:30:20,07-09-2026 11:41:18,api.ipify.org
EPIXXNDT,host-e032,5A:24:D8:1B:D4:5F,unit-kilo,web_block,2026-09-02 20:33:20,07-09-2026 11:41:18,www.googleapis.com
EPIXXNDT,host-e032,5A:24:D8:1B:D4:5F,unit-kilo,web_block,2026-09-02 20:30:20,07-09-2026 11:41:18,api.ipify.org
EPIXXNDT,host-e032,5A:24:D8:1B:D4:5F,unit-kilo,web_block,2026-09-02 20:30:20,07-09-2026 11:41:18,api.ipify.org
EPIXXNDT,host-e032,5A:24:D8:1B:D4:5F,unit-kilo,web_block,2026-09-02 20:32:20,07-09-2026 11:41:18,api.ipify.org
EPIXXNDT,host-e032,5A:24:D8:1B:D4:5F,unit-kilo,web_block,2026-09-02 20:37:20,07-09-2026 11:41:18,api.ipify.org
EPIXXNDT,host-e032,5A:24:D8:1B:D4:5F,unit-kilo,web_block,2026-09-02 20:37:20,07-09-2026 11:41:18,api.ipify.org
EPIXXNDT,host-e032,5A:24:D8:1B:D4:5F,unit-kilo,web_block,2026-09-02 20:32:20,07-09-2026 11:41:18,api.ipify.org
EPMDU6L5,host-b05e,32:B6:D9:DA:8B:BD,unit-oscar,web_block,2026-09-07 10:58:10,08-09-2026 08:52:03,api.ipify.org
EP65VPYQ,host-0b94,C6:55:93:4B:6B:00,unit-bravo,web_block,2026-09-07 12:03:12,08-09-2026 09:21:53,www.linkedin.com
EP65VPYQ,host-0b94,C6:55:93:4B:6B:00,unit-bravo,web_block,2026-09-07 09:18:09,08-09-2026 09:21:53,www.googleapis.com
EP65VPYQ,host-0b94,C6:55:93:4B:6B:00,unit-bravo,web_block,2026-09-07 12:03:12,08-09-2026 09:21:53,www.googleapis.com
EP65VPYQ,host-0b94,C6:55:93:4B:6B:00,unit-bravo,web_block,2026-09-07 11:51:11,08-09-2026 09:21:53,www.linkedin.com
EPIZFLLQ,host-d056,EA:00:E7:FE:9F:39,unit-delta,web_block,2026-09-07 16:06:16,08-09-2026 09:28:00,www.facebook.com
EPIZFLLQ,host-d056,EA:00:E7:FE:9F:39,unit-delta,web_block,2026-09-07 16:06:16,08-09-2026 09:28:00,sync.aralego.com
EP2EVFKU,host-ecfb,CA:9E:38:FA:34:A5,unit-sierra,web_block,2026-09-07 13:55:13,08-09-2026 09:12:30,www.facebook.com
EPIE7YGU,host-c5ef,F2:26:0D:76:0F:5A,unit-november,web_block,2026-09-07 12:21:12,08-09-2026 08:29:49,www.linkedin.com
EPIE7YGU,host-c5ef,F2:26:0D:76:0F:5A,unit-november,web_block,2026-09-07 12:22:12,08-09-2026 08:29:49,www.facebook.com
EPIE7YGU,host-c5ef,F2:26:0D:76:0F:5A,unit-november,web_block,2026-09-07 12:21:12,08-09-2026 08:29:49,www.facebook.com
EPIE7YGU,host-c5ef,F2:26:0D:76:0F:5A,unit-november,web_block,2026-09-07 12:23:12,08-09-2026 08:29:49,www.facebook.com
EPLKONPA,host-5903,66:05:93:3B:B7:CF,unit-charlie,web_block,2026-09-07 10:32:10,08-09-2026 08:57:14,www.facebook.com
EP2C4ZH5,host-a81b,D6:0B:BC:20:19:CA,unit-romeo,web_block,2026-09-07 08:51:08,08-09-2026 08:43:26,sync.aralego.com
EPN6LGXP,host-9cd3,A6:91:5A:04:53:B4,unit-foxtrot,web_block,2026-09-07 12:48:12,08-09-2026 08:26:49,ecp.yusercontent.com
EPN6LGXP,host-9cd3,A6:91:5A:04:53:B4,unit-foxtrot,web_block,2026-09-07 12:53:12,08-09-2026 08:26:49,sync.aralego.com
EPE7YMMO,host-1bef,6E:82:5E:84:04:9E,unit-kilo,web_block,2026-09-07 08:06:08,08-09-2026 10:49:38,www.facebook.com
EPE7YMMO,host-1bef,6E:82:5E:84:04:9E,unit-kilo,web_block,2026-09-08 11:19:11,09-09-2026 08:34:15,www.facebook.com
EPIE7YGU,host-c5ef,F2:26:0D:76:0F:5A,unit-november,web_block,2026-09-07 12:21:12,08-09-2026 08:29:49,www.facebook.com
EP4PGHIT,host-f94f,36:05:0A:93:FD:C6,unit-alpha,web_block,2026-09-07 13:16:13,08-09-2026 08:09:52,www.facebook.com
EP4PGHIT,host-f94f,36:05:0A:93:FD:C6,unit-alpha,web_block,2026-09-07 13:15:13,08-09-2026 08:09:52,www.facebook.com
EPMQTKSL,host-942d,06:30:01:86:E8:62,unit-charlie,web_block,2026-09-07 12:32:12,08-09-2026 08:29:19,sync.aralego.com
EPMQTKSL,host-942d,06:30:01:86:E8:62,unit-charlie,web_block,2026-09-08 09:39:09,09-09-2026 08:26:48,ecp.yusercontent.com
EPMQTKSL,host-942d,06:30:01:86:E8:62,unit-charlie,web_block,2026-09-08 09:41:09,09-09-2026 08:26:48,ecp.yusercontent.com
EPMQTKSL,host-942d,06:30:01:86:E8:62,unit-charlie,web_block,2026-09-08 11:15:11,09-09-2026 08:26:48,www.facebook.com
EPGN44A5,host-dfa1,4E:46:1A:C8:81:4A,unit-charlie,web_block,2026-09-07 13:58:13,08-09-2026 11:41:12,www.googleapis.com
EPGN44A5,host-dfa1,4E:46:1A:C8:81:4A,unit-charlie,web_block,2026-09-07 09:25:09,08-09-2026 11:41:12,www.googleapis.com
EPGN44A5,host-dfa1,4E:46:1A:C8:81:4A,unit-charlie,web_block,2026-09-07 13:59:13,08-09-2026 11:41:12,www.googleapis.com
EPGN44A5,host-dfa1,4E:46:1A:C8:81:4A,unit-charlie,web_block,2026-09-07 13:57:13,08-09-2026 11:41:12,www.googleapis.com
EP65VPYQ,host-0b94,C6:55:93:4B:6B:00,unit-bravo,web_block,2026-09-08 16:06:16,09-09-2026 08:08:36,www.googleapis.com
EPIL2MXD,host-ebfb,8E:CF:77:59:91:71,unit-delta,web_block,2026-09-08 11:33:11,09-09-2026 00:05:05,www.facebook.com
EPIXXNDT,host-e032,5A:24:D8:1B:D4:5F,unit-kilo,web_block,2026-09-02 20:33:20,09-09-2026 09:00:54,www.googleapis.com
EPIXXNDT,host-e032,5A:24:D8:1B:D4:5F,unit-kilo,web_block,2026-09-02 20:32:20,09-09-2026 09:00:54,api.ipify.org
EPIXXNDT,host-e032,5A:24:D8:1B:D4:5F,unit-kilo,web_block,2026-09-02 20:30:20,09-09-2026 09:00:54,api.ipify.org
EPIXXNDT,host-e032,5A:24:D8:1B:D4:5F,unit-kilo,web_block,2026-09-02 20:30:20,09-09-2026 09:00:54,api.ipify.org
EPIXXNDT,host-e032,5A:24:D8:1B:D4:5F,unit-kilo,web_block,2026-09-02 20:37:20,09-09-2026 09:00:54,api.ipify.org
EPIXXNDT,host-e032,5A:24:D8:1B:D4:5F,unit-kilo,web_block,2026-09-02 20:37:20,09-09-2026 09:00:54,api.ipify.org
EPIXXNDT,host-e032,5A:24:D8:1B:D4:5F,unit-kilo,web_block,2026-09-02 20:30:20,09-09-2026 09:00:54,api.ipify.org
EPIXXNDT,host-e032,5A:24:D8:1B:D4:5F,unit-kilo,web_block,2026-09-02 20:30:20,09-09-2026 09:00:54,api.ipify.org
EPIXXNDT,host-e032,5A:24:D8:1B:D4:5F,unit-kilo,web_block,2026-09-02 20:31:20,09-09-2026 09:00:54,api.ipify.org
EPIXXNDT,host-e032,5A:24:D8:1B:D4:5F,unit-kilo,web_block,2026-09-02 20:31:20,09-09-2026 09:00:54,api.ipify.org
EPIXXNDT,host-e032,5A:24:D8:1B:D4:5F,unit-kilo,web_block,2026-09-02 20:32:20,09-09-2026 09:00:54,api.ipify.org
EPIXXNDT,host-e032,5A:24:D8:1B:D4:5F,unit-kilo,web_block,2026-09-02 20:33:20,09-09-2026 09:00:54,www.googleapis.com
EPIXXNDT,host-e032,5A:24:D8:1B:D4:5F,unit-kilo,web_block,2026-09-02 20:30:20,09-09-2026 09:00:54,api.ipify.org
EPIXXNDT,host-e032,5A:24:D8:1B:D4:5F,unit-kilo,web_block,2026-09-02 20:30:20,09-09-2026 09:00:54,api.ipify.org
EPIXXNDT,host-e032,5A:24:D8:1B:D4:5F,unit-kilo,web_block,2026-09-02 20:29:20,09-09-2026 09:00:54,api.ipify.org
EPIXXNDT,host-e032,5A:24:D8:1B:D4:5F,unit-kilo,web_block,2026-09-02 20:29:20,09-09-2026 09:00:54,api.ipify.org
EPI5GLUK,host-fdda,1E:9F:10:77:42:92,unit-echo,web_block,2026-09-08 11:51:11,09-09-2026 09:04:40,www.facebook.com
EPI5GLUK,host-fdda,1E:9F:10:77:42:92,unit-echo,web_block,2026-09-08 11:53:11,09-09-2026 09:04:40,www.facebook.com
EPI5GLUK,host-fdda,1E:9F:10:77:42:92,unit-echo,web_block,2026-09-08 11:54:11,09-09-2026 09:04:40,www.facebook.com
EPMINU2I,host-300e,EE:0D:B2:42:FF:86,unit-romeo,web_block,2026-09-08 14:39:14,09-09-2026 10:32:22,www.dropbox.com
EPMINU2I,host-300e,EE:0D:B2:42:FF:86,unit-romeo,web_block,2026-09-08 14:40:14,09-09-2026 10:32:22,www.dropbox.com
EPMINU2I,host-300e,EE:0D:B2:42:FF:86,unit-romeo,web_block,2026-09-08 14:37:14,09-09-2026 10:32:22,www.dropbox.com
EPMINU2I,host-300e,EE:0D:B2:42:FF:86,unit-romeo,web_block,2026-09-08 14:41:14,09-09-2026 10:32:22,www.dropbox.com
EPMINU2I,host-300e,EE:0D:B2:42:FF:86,unit-romeo,web_block,2026-09-08 14:42:14,09-09-2026 10:32:22,www.facebook.com
EPPWQND4,host-79c0,06:20:B2:68:58:20,unit-kilo,web_block,2026-09-08 12:29:12,09-09-2026 11:02:09,sync.aralego.com
EPPWQND4,host-79c0,06:20:B2:68:58:20,unit-kilo,web_block,2026-09-08 12:29:12,09-09-2026 11:02:09,www.instagram.com
EPJ7BIHC,host-1063,2E:0E:D9:31:6E:EB,unit-india,web_block,2026-09-08 18:32:18,09-09-2026 19:22:13,www.googleapis.com
EPJ7BIHC,host-1063,2E:0E:D9:31:6E:EB,unit-india,web_block,2026-09-08 18:32:18,09-09-2026 19:22:19,www.googleapis.com
EPJ7BIHC,host-1063,2E:0E:D9:31:6E:EB,unit-india,web_block,2026-09-08 18:32:18,09-09-2026 19:22:14,www.googleapis.com
EPBZVWPM,host-c9f8,B2:F2:5B:71:03:A9,unit-sierra,web_block,2026-09-03 10:11:10,09-09-2026 20:19:16,www.facebook.com
EPBZVWPM,host-c9f8,B2:F2:5B:71:03:A9,unit-sierra,web_block,2026-09-07 07:46:07,09-09-2026 20:19:13,sync.aralego.com
EP65VPYQ,host-0b94,C6:55:93:4B:6B:00,unit-bravo,web_block,2026-09-09 09:51:09,10-09-2026 08:10:40,sync.aralego.com
EPMQTKSL,host-942d,06:30:01:86:E8:62,unit-charlie,web_block,2026-09-09 12:40:12,10-09-2026 08:31:40,sync.aralego.com
EPMQTKSL,host-942d,06:30:01:86:E8:62,unit-charlie,web_block,2026-09-09 09:55:09,10-09-2026 08:31:40,sync.aralego.com
EPR6HUBY,host-215c,2E:9B:5A:91:71:D6,unit-kilo,web_block,2026-09-09 18:43:18,10-09-2026 06:09:56,sync.aralego.com
EPMDU6L5,host-b05e,32:B6:D9:DA:8B:BD,unit-oscar,web_block,2026-09-09 09:54:09,10-09-2026 08:32:31,api.ipify.org
EPJ7BIHC,host-1063,2E:0E:D9:31:6E:EB,unit-india,web_block,2026-09-09 19:36:19,10-09-2026 00:05:04,www.googleapis.com
EPJ7BIHC,host-1063,2E:0E:D9:31:6E:EB,unit-india,web_block,2026-09-09 19:40:19,10-09-2026 00:05:04,www.googleapis.com
EPJ7BIHC,host-1063,2E:0E:D9:31:6E:EB,unit-india,web_block,2026-09-09 19:37:19,10-09-2026 00:05:04,www.googleapis.com
EPJ7BIHC,host-1063,2E:0E:D9:31:6E:EB,unit-india,web_block,2026-09-09 19:35:19,10-09-2026 00:05:04,www.googleapis.com
EPJ7BIHC,host-1063,2E:0E:D9:31:6E:EB,unit-india,web_block,2026-09-09 19:38:19,10-09-2026 00:05:04,www.googleapis.com
EPJ7BIHC,host-1063,2E:0E:D9:31:6E:EB,unit-india,web_block,2026-09-09 19:39:19,10-09-2026 00:05:04,www.googleapis.com
EPCLJGKA,host-aa31,0A:0E:E9:38:8B:18,unit-echo,web_block,2026-09-09 09:05:09,10-09-2026 08:40:32,www.facebook.com
EPCLJGKA,host-aa31,0A:0E:E9:38:8B:18,unit-echo,web_block,2026-09-09 09:38:09,10-09-2026 08:40:32,www.facebook.com
EPCLJGKA,host-aa31,0A:0E:E9:38:8B:18,unit-echo,web_block,2026-09-09 10:40:10,10-09-2026 08:40:32,www.facebook.com
EPCLJGKA,host-aa31,0A:0E:E9:38:8B:18,unit-echo,web_block,2026-09-09 09:06:09,10-09-2026 08:40:32,www.facebook.com
EPCLJGKA,host-aa31,0A:0E:E9:38:8B:18,unit-echo,web_block,2026-09-09 09:04:09,10-09-2026 08:40:32,www.linkedin.com
EPCLJGKA,host-aa31,0A:0E:E9:38:8B:18,unit-echo,web_block,2026-09-09 09:38:09,10-09-2026 08:40:32,www.linkedin.com
EPCLJGKA,host-aa31,0A:0E:E9:38:8B:18,unit-echo,web_block,2026-09-09 09:26:09,10-09-2026 08:40:32,www.facebook.com
EPCLJGKA,host-aa31,0A:0E:E9:38:8B:18,unit-echo,web_block,2026-09-09 09:55:09,10-09-2026 08:40:32,www.facebook.com
EPCLJGKA,host-aa31,0A:0E:E9:38:8B:18,unit-echo,web_block,2026-09-09 09:08:09,10-09-2026 08:40:32,www.facebook.com
EPCLJGKA,host-aa31,0A:0E:E9:38:8B:18,unit-echo,web_block,2026-09-09 09:39:09,10-09-2026 08:40:32,www.facebook.com
EPCLJGKA,host-aa31,0A:0E:E9:38:8B:18,unit-echo,web_block,2026-09-09 09:23:09,10-09-2026 08:40:32,www.facebook.com
EPCLJGKA,host-aa31,0A:0E:E9:38:8B:18,unit-echo,web_block,2026-09-09 09:55:09,10-09-2026 08:40:32,www.facebook.com
EPCLJGKA,host-aa31,0A:0E:E9:38:8B:18,unit-echo,web_block,2026-09-09 09:04:09,10-09-2026 08:40:32,www.facebook.com
EPCLJGKA,host-aa31,0A:0E:E9:38:8B:18,unit-echo,web_block,2026-09-09 09:25:09,10-09-2026 08:40:32,www.facebook.com
EPCLJGKA,host-aa31,0A:0E:E9:38:8B:18,unit-echo,web_block,2026-09-09 09:05:09,10-09-2026 08:40:32,www.facebook.com
EPCLJGKA,host-aa31,0A:0E:E9:38:8B:18,unit-echo,web_block,2026-09-09 09:39:09,10-09-2026 08:40:32,www.facebook.com
EPCLJGKA,host-aa31,0A:0E:E9:38:8B:18,unit-echo,web_block,2026-09-09 09:05:09,10-09-2026 08:40:32,www.linkedin.com
EPCLJGKA,host-aa31,0A:0E:E9:38:8B:18,unit-echo,web_block,2026-09-09 10:43:10,10-09-2026 08:40:32,www.facebook.com
EPCLJGKA,host-aa31,0A:0E:E9:38:8B:18,unit-echo,web_block,2026-09-09 09:04:09,10-09-2026 08:40:32,www.facebook.com
EPCLJGKA,host-aa31,0A:0E:E9:38:8B:18,unit-echo,web_block,2026-09-09 09:56:09,10-09-2026 08:40:32,www.facebook.com
EPCLJGKA,host-aa31,0A:0E:E9:38:8B:18,unit-echo,web_block,2026-09-09 09:38:09,10-09-2026 08:40:32,www.facebook.com
EPPI5OVD,host-8e2e,1E:EF:EB:87:6D:79,unit-charlie,web_block,2026-09-09 12:12:12,10-09-2026 08:58:00,www.googleapis.com
EPWNKSRM,host-e866,12:06:83:F6:45:0A,unit-charlie,web_block,2026-09-09 13:37:13,10-09-2026 09:19:37,www.instagram.com
EPWNKSRM,host-e866,12:06:83:F6:45:0A,unit-charlie,web_block,2026-09-09 13:40:13,10-09-2026 09:19:37,www.instagram.com
EPNXD2NI,host-bfb4,56:B2:D7:2A:B4:25,unit-quebec,web_block,2026-09-09 09:17:09,10-09-2026 09:21:13,sync.aralego.com
EP2SJ6NE,host-a976,BE:4C:5C:70:25:8F,unit-bravo,web_block,2026-09-09 10:03:10,10-09-2026 11:40:58,www.facebook.com
EP2SJ6NE,host-a976,BE:4C:5C:70:25:8F,unit-bravo,web_block,2026-09-09 10:02:10,10-09-2026 11:40:58,www.facebook.com
EP2SJ6NE,host-a976,BE:4C:5C:70:25:8F,unit-bravo,web_block,2026-09-09 10:02:10,10-09-2026 11:40:58,www.linkedin.com
EPMQTKSL,host-942d,06:30:01:86:E8:62,unit-charlie,web_block,2026-09-10 11:40:11,11-09-2026 08:25:34,farm.plista.com
EPMQTKSL,host-942d,06:30:01:86:E8:62,unit-charlie,web_block,2026-09-10 09:54:09,11-09-2026 08:25:34,sync.aralego.com
EP63QFAS,host-c4c2,F2:1F:72:B1:93:C0,unit-india,web_block,2026-09-10 06:18:06,11-09-2026 00:05:02,www.instagram.com
EP63QFAS,host-c4c2,F2:1F:72:B1:93:C0,unit-india,web_block,2026-09-10 06:19:06,11-09-2026 00:05:02,www.instagram.com
EP63QFAS,host-c4c2,F2:1F:72:B1:93:C0,unit-india,web_block,2026-09-10 06:14:06,11-09-2026 00:05:02,www.instagram.com
EP63QFAS,host-c4c2,F2:1F:72:B1:93:C0,unit-india,web_block,2026-09-10 06:23:06,11-09-2026 00:05:02,www.facebook.com
EPNXD2NI,host-bfb4,56:B2:D7:2A:B4:25,unit-quebec,web_block,2026-09-10 09:39:09,11-09-2026 09:00:38,www.facebook.com
EPSES7ZK,host-4c8d,5A:26:AC:95:F8:C6,unit-papa,web_block,2026-09-10 11:25:11,11-09-2026 08:44:36,www.googleapis.com
EPSES7ZK,host-4c8d,5A:26:AC:95:F8:C6,unit-papa,web_block,2026-09-10 11:24:11,11-09-2026 08:44:36,www.linkedin.com
EPSES7ZK,host-4c8d,5A:26:AC:95:F8:C6,unit-papa,web_block,2026-09-10 11:24:11,11-09-2026 08:44:47,www.linkedin.com
EPSES7ZK,host-4c8d,5A:26:AC:95:F8:C6,unit-papa,web_block,2026-09-10 11:25:11,11-09-2026 08:44:47,www.googleapis.com
EPSES7ZK,host-4c8d,5A:26:AC:95:F8:C6,unit-papa,web_block,2026-09-10 11:27:11,11-09-2026 08:44:47,www.linkedin.com
EP65VPYQ,host-0b94,C6:55:93:4B:6B:00,unit-bravo,web_block,2026-09-10 08:18:08,11-09-2026 08:49:32,www.googleapis.com
EPG67237,host-de5a,FE:25:9C:53:FF:AC,unit-bravo,web_block,2026-09-10 08:15:08,11-09-2026 08:56:38,sync.aralego.com
EPGSQVEB,host-9a4f,2A:98:89:E3:BB:4A,unit-bravo,web_block,2026-09-09 12:38:12,11-09-2026 10:07:45,www.googleapis.com
EPGSQVEB,host-9a4f,2A:98:89:E3:BB:4A,unit-bravo,web_block,2026-09-09 12:39:12,11-09-2026 10:07:45,www.googleapis.com
EPNPX6VY,host-6ef6,82:FB:DF:E6:F2:88,unit-juliett,web_block,2026-09-10 11:12:11,11-09-2026 11:37:42,www.facebook.com
EP65VPYQ,host-0b94,C6:55:93:4B:6B:00,unit-bravo,web_block,2026-09-11 14:43:14,12-09-2026 08:31:37,yandex.ru
EP6WDXYR,host-e670,4A:AC:68:75:72:18,unit-echo,web_block,2026-09-11 19:08:19,12-09-2026 08:43:06,www.googleapis.com
EPMQTKSL,host-942d,06:30:01:86:E8:62,unit-charlie,web_block,2026-09-11 08:40:08,12-09-2026 08:31:16,farm.plista.com
EP65VPYQ,host-0b94,C6:55:93:4B:6B:00,unit-bravo,web_block,2026-09-11 10:23:10,12-09-2026 08:31:37,www.googleapis.com
EPGSQVEB,host-9a4f,2A:98:89:E3:BB:4A,unit-bravo,web_block,2026-09-09 16:09:16,13-09-2026 09:32:57,www.googleapis.com
EPGSQVEB,host-9a4f,2A:98:89:E3:BB:4A,unit-bravo,web_block,2026-09-09 12:39:12,13-09-2026 09:32:57,www.googleapis.com
EPGSQVEB,host-9a4f,2A:98:89:E3:BB:4A,unit-bravo,web_block,2026-09-09 12:38:12,13-09-2026 09:32:57,www.googleapis.com
EP2C4ZH5,host-a81b,D6:0B:BC:20:19:CA,unit-romeo,web_block,2026-09-10 08:33:08,12-09-2026 16:35:45,sync.aralego.com
EPSES7ZK,host-4c8d,5A:26:AC:95:F8:C6,unit-papa,web_block,2026-09-10 11:27:11,12-09-2026 11:32:58,www.linkedin.com
EPSES7ZK,host-4c8d,5A:26:AC:95:F8:C6,unit-papa,web_block,2026-09-10 11:24:11,12-09-2026 11:32:58,www.linkedin.com
EPSES7ZK,host-4c8d,5A:26:AC:95:F8:C6,unit-papa,web_block,2026-09-10 11:25:11,12-09-2026 11:32:58,www.googleapis.com
EPSES7ZK,host-4c8d,5A:26:AC:95:F8:C6,unit-papa,web_block,2026-09-10 11:24:11,12-09-2026 11:33:07,www.linkedin.com
EPSES7ZK,host-4c8d,5A:26:AC:95:F8:C6,unit-papa,web_block,2026-09-10 11:25:11,12-09-2026 11:33:07,www.googleapis.com
EPSES7ZK,host-4c8d,5A:26:AC:95:F8:C6,unit-papa,web_block,2026-09-10 11:27:11,12-09-2026 11:33:07,www.linkedin.com
EPSES7ZK,host-4c8d,5A:26:AC:95:F8:C6,unit-papa,web_block,2026-09-10 11:25:11,12-09-2026 11:32:58,www.googleapis.com
EPSES7ZK,host-4c8d,5A:26:AC:95:F8:C6,unit-papa,web_block,2026-09-10 11:27:11,12-09-2026 11:33:07,www.linkedin.com
EPSES7ZK,host-4c8d,5A:26:AC:95:F8:C6,unit-papa,web_block,2026-09-10 11:25:11,12-09-2026 11:33:07,www.googleapis.com
EPSES7ZK,host-4c8d,5A:26:AC:95:F8:C6,unit-papa,web_block,2026-09-10 11:24:11,12-09-2026 11:33:07,www.linkedin.com
EPCLJGKA,host-aa31,0A:0E:E9:38:8B:18,unit-echo,web_block,2026-09-11 18:22:18,12-09-2026 11:23:34,www.facebook.com
EPCLJGKA,host-aa31,0A:0E:E9:38:8B:18,unit-echo,web_block,2026-09-11 18:24:18,12-09-2026 11:23:34,www.facebook.com
EPCLJGKA,host-aa31,0A:0E:E9:38:8B:18,unit-echo,web_block,2026-09-11 18:25:18,12-09-2026 11:23:34,www.facebook.com
EPCLJGKA,host-aa31,0A:0E:E9:38:8B:18,unit-echo,web_block,2026-09-11 18:30:18,12-09-2026 11:23:34,www.facebook.com
EPCLJGKA,host-aa31,0A:0E:E9:38:8B:18,unit-echo,web_block,2026-09-11 18:30:18,12-09-2026 11:23:34,www.linkedin.com
EPCLJGKA,host-aa31,0A:0E:E9:38:8B:18,unit-echo,web_block,2026-09-11 18:22:18,12-09-2026 11:23:39,www.facebook.com
EPCLJGKA,host-aa31,0A:0E:E9:38:8B:18,unit-echo,web_block,2026-09-11 18:32:18,12-09-2026 11:23:39,www.facebook.com
EPCLJGKA,host-aa31,0A:0E:E9:38:8B:18,unit-echo,web_block,2026-09-11 18:30:18,12-09-2026 11:23:39,www.facebook.com
EPCLJGKA,host-aa31,0A:0E:E9:38:8B:18,unit-echo,web_block,2026-09-11 18:30:18,12-09-2026 11:23:39,www.linkedin.com
EPCLJGKA,host-aa31,0A:0E:E9:38:8B:18,unit-echo,web_block,2026-09-11 18:33:18,12-09-2026 11:23:39,www.facebook.com
EPCLJGKA,host-aa31,0A:0E:E9:38:8B:18,unit-echo,web_block,2026-09-11 18:24:18,12-09-2026 11:23:39,www.facebook.com
EPCLJGKA,host-aa31,0A:0E:E9:38:8B:18,unit-echo,web_block,2026-09-11 18:25:18,12-09-2026 11:23:39,www.facebook.com
EPPWQND4,host-79c0,06:20:B2:68:58:20,unit-kilo,web_block,2026-09-11 13:45:13,12-09-2026 10:11:07,www.linkedin.com
EPSES7ZK,host-4c8d,5A:26:AC:95:F8:C6,unit-papa,web_block,2026-09-10 11:27:11,14-09-2026 08:43:00,www.linkedin.com
EPSES7ZK,host-4c8d,5A:26:AC:95:F8:C6,unit-papa,web_block,2026-09-10 11:24:11,14-09-2026 08:43:00,www.linkedin.com
EPSES7ZK,host-4c8d,5A:26:AC:95:F8:C6,unit-papa,web_block,2026-09-10 11:27:11,14-09-2026 08:43:00,www.linkedin.com
EPBIT7ZS,host-0cb9,76:14:97:AE:05:1A,unit-lima,web_block,2026-09-13 17:46:17,14-09-2026 08:50:50,-
EPSES7ZK,host-4c8d,5A:26:AC:95:F8:C6,unit-papa,web_block,2026-09-10 11:25:11,14-09-2026 08:43:00,www.googleapis.com
EPSES7ZK,host-4c8d,5A:26:AC:95:F8:C6,unit-papa,web_block,2026-09-10 11:24:11,14-09-2026 08:43:00,www.linkedin.com
EPSES7ZK,host-4c8d,5A:26:AC:95:F8:C6,unit-papa,web_block,2026-09-10 11:25:11,14-09-2026 08:43:00,www.googleapis.com
EPMQTKSL,host-942d,06:30:01:86:E8:62,unit-charlie,web_block,2026-09-12 08:39:08,14-09-2026 08:28:58,sync.aralego.com
EPMQTKSL,host-942d,06:30:01:86:E8:62,unit-charlie,web_block,2026-09-12 13:55:13,14-09-2026 08:28:58,sync.aralego.com
EPFQSCDV,host-2fe4,4E:3D:CE:06:BF:3C,unit-juliett,web_block,2026-09-12 12:14:12,14-09-2026 08:31:32,www.facebook.com
EPGSQVEB,host-9a4f,2A:98:89:E3:BB:4A,unit-bravo,web_block,2026-09-09 16:09:16,14-09-2026 08:42:07,www.googleapis.com
EPGSQVEB,host-9a4f,2A:98:89:E3:BB:4A,unit-bravo,web_block,2026-09-09 12:38:12,14-09-2026 08:42:07,www.googleapis.com
EPGSQVEB,host-9a4f,2A:98:89:E3:BB:4A,unit-bravo,web_block,2026-09-09 12:39:12,14-09-2026 08:42:07,www.googleapis.com
EP6IKT5R,host-9c71,DE:66:55:3F:CA:64,unit-papa,web_block,2026-09-12 08:57:08,14-09-2026 08:54:58,www.googleapis.com
EPVC2P55,host-aca0,C2:46:AE:94:76:F6,unit-alpha,web_block,2026-09-12 12:24:12,14-09-2026 09:08:30,www.linkedin.com
EPMDU6L5,host-b05e,32:B6:D9:DA:8B:BD,unit-oscar,web_block,2026-09-12 14:29:14,14-09-2026 09:08:53,api.ipify.org
EPMDU6L5,host-b05e,32:B6:D9:DA:8B:BD,unit-oscar,web_block,2026-09-12 14:30:14,14-09-2026 09:08:53,api.ipify.org
EP5KBVLG,host-ee2b,66:E2:12:14:24:01,unit-romeo,web_block,2026-09-14 14:06:14,15-09-2026 08:48:54,www.facebook.com
EP5KBVLG,host-ee2b,66:E2:12:14:24:01,unit-romeo,web_block,2026-09-14 14:05:14,15-09-2026 08:48:54,www.facebook.com
EP5KBVLG,host-ee2b,66:E2:12:14:24:01,unit-romeo,web_block,2026-09-14 13:24:13,15-09-2026 08:48:54,www.facebook.com
EPSES7ZK,host-4c8d,5A:26:AC:95:F8:C6,unit-papa,web_block,2026-09-10 11:24:11,15-09-2026 09:06:46,www.linkedin.com
EPSES7ZK,host-4c8d,5A:26:AC:95:F8:C6,unit-papa,web_block,2026-09-10 11:25:11,15-09-2026 09:06:46,www.googleapis.com
EPSES7ZK,host-4c8d,5A:26:AC:95:F8:C6,unit-papa,web_block,2026-09-10 11:27:11,15-09-2026 09:06:46,www.linkedin.com
EPSES7ZK,host-4c8d,5A:26:AC:95:F8:C6,unit-papa,web_block,2026-09-10 11:24:11,15-09-2026 09:06:46,www.linkedin.com
EPSES7ZK,host-4c8d,5A:26:AC:95:F8:C6,unit-papa,web_block,2026-09-10 11:25:11,15-09-2026 09:06:46,www.googleapis.com
EPSES7ZK,host-4c8d,5A:26:AC:95:F8:C6,unit-papa,web_block,2026-09-10 11:27:11,15-09-2026 09:06:46,www.linkedin.com
EPMY53PL,host-711a,CA:78:E5:12:20:A2,unit-india,web_block,2026-09-14 10:10:10,15-09-2026 10:11:07,economictimes.indiatimes.com
EPMY53PL,host-711a,CA:78:E5:12:20:A2,unit-india,web_block,2026-09-14 10:19:10,15-09-2026 10:11:07,sync.aralego.com
EPBIT7ZS,host-0cb9,76:14:97:AE:05:1A,unit-lima,web_block,2026-09-13 17:46:17,15-09-2026 10:10:28,-
EPMY53PL,host-711a,CA:78:E5:12:20:A2,unit-india,web_block,2026-09-14 09:32:09,15-09-2026 10:11:07,economictimes.indiatimes.com
EPMDU6L5,host-b05e,32:B6:D9:DA:8B:BD,unit-oscar,web_block,2026-09-14 09:53:09,15-09-2026 09:17:34,api.ipify.org
EPMDU6L5,host-b05e,32:B6:D9:DA:8B:BD,unit-oscar,web_block,2026-09-14 19:30:19,15-09-2026 09:17:34,api.ipify.org
EPMDU6L5,host-b05e,32:B6:D9:DA:8B:BD,unit-oscar,web_block,2026-09-14 09:54:09,15-09-2026 09:17:34,api.ipify.org
EP65VPYQ,host-0b94,C6:55:93:4B:6B:00,unit-bravo,web_block,2026-09-14 14:37:14,15-09-2026 08:17:50,sync.aralego.com
EPV7MB2K,host-9565,FE:BD:BD:4A:8A:70,unit-golf,web_block,2026-09-14 12:43:12,15-09-2026 08:12:14,www.linkedin.com
EPIE7YGU,host-c5ef,F2:26:0D:76:0F:5A,unit-november,web_block,2026-09-14 13:14:13,15-09-2026 07:50:34,www.linkedin.com
EPIE7YGU,host-c5ef,F2:26:0D:76:0F:5A,unit-november,web_block,2026-09-14 12:25:12,15-09-2026 07:50:34,www.facebook.com
EPGSQVEB,host-9a4f,2A:98:89:E3:BB:4A,unit-bravo,web_block,2026-09-09 12:38:12,15-09-2026 08:28:03,www.googleapis.com
EPGSQVEB,host-9a4f,2A:98:89:E3:BB:4A,unit-bravo,web_block,2026-09-09 16:09:16,15-09-2026 08:28:03,www.googleapis.com
EPGSQVEB,host-9a4f,2A:98:89:E3:BB:4A,unit-bravo,web_block,2026-09-09 12:39:12,15-09-2026 08:28:03,www.googleapis.com
EPMQTKSL,host-942d,06:30:01:86:E8:62,unit-charlie,web_block,2026-09-14 13:03:13,15-09-2026 00:05:04,sync.aralego.com
EPMQTKSL,host-942d,06:30:01:86:E8:62,unit-charlie,web_block,2026-09-14 13:07:13,15-09-2026 00:05:05,sync.aralego.com
EPMQTKSL,host-942d,06:30:01:86:E8:62,unit-charlie,web_block,2026-09-14 13:03:13,15-09-2026 00:05:04,ecp.yusercontent.com
EPEWYRFX,host-2562,EA:A6:46:57:ED:1A,unit-charlie,web_block,2026-09-14 18:24:18,15-09-2026 05:38:06,www.facebook.com
EP5KBVLG,host-ee2b,66:E2:12:14:24:01,unit-romeo,web_block,2026-09-14 14:04:14,15-09-2026 08:48:54,www.facebook.com
EP5KBVLG,host-ee2b,66:E2:12:14:24:01,unit-romeo,web_block,2026-09-14 14:06:14,15-09-2026 08:48:54,www.facebook.com
EP5KBVLG,host-ee2b,66:E2:12:14:24:01,unit-romeo,web_block,2026-09-14 14:02:14,15-09-2026 08:48:54,www.facebook.com
EP5KBVLG,host-ee2b,66:E2:12:14:24:01,unit-romeo,web_block,2026-09-14 14:05:14,15-09-2026 08:48:54,www.facebook.com
EPFE66OS,host-067c,0E:A5:82:23:D2:55,unit-sierra,web_block,2026-09-14 11:45:11,15-09-2026 08:46:28,www.facebook.com
EPIE7YGU,host-c5ef,F2:26:0D:76:0F:5A,unit-november,web_block,2026-09-14 13:11:13,15-09-2026 07:50:34,www.facebook.com
EPNWM26Q,host-f23e,F6:D2:4B:B2:1F:60,unit-oscar,web_block,2026-09-14 18:52:18,15-09-2026 08:08:54,www.facebook.com
EPNWM26Q,host-f23e,F6:D2:4B:B2:1F:60,unit-oscar,web_block,2026-09-14 18:16:18,15-09-2026 08:08:54,www.googleapis.com
EPNWM26Q,host-f23e,F6:D2:4B:B2:1F:60,unit-oscar,web_block,2026-09-14 18:51:18,15-09-2026 08:08:54,www.googleapis.com
EPNWM26Q,host-f23e,F6:D2:4B:B2:1F:60,unit-oscar,web_block,2026-09-14 18:15:18,15-09-2026 08:08:54,www.googleapis.com
EPBG5SVE,host-c4f9,9E:72:70:1E:13:02,unit-bravo,web_block,2026-09-14 17:03:17,15-09-2026 13:35:25,www.googleapis.com
EPBG5SVE,host-c4f9,9E:72:70:1E:13:02,unit-bravo,web_block,2026-09-14 08:22:08,15-09-2026 13:35:25,www.googleapis.com
EPBG5SVE,host-c4f9,9E:72:70:1E:13:02,unit-bravo,web_block,2026-09-14 08:16:08,15-09-2026 13:35:25,www.googleapis.com
EPBG5SVE,host-c4f9,9E:72:70:1E:13:02,unit-bravo,web_block,2026-09-14 09:15:09,15-09-2026 13:35:25,www.googleapis.com
EPBG5SVE,host-c4f9,9E:72:70:1E:13:02,unit-bravo,web_block,2026-09-14 08:15:08,15-09-2026 13:35:25,www.googleapis.com
EPBG5SVE,host-c4f9,9E:72:70:1E:13:02,unit-bravo,web_block,2026-09-14 09:14:09,15-09-2026 13:35:25,www.googleapis.com
EPBG5SVE,host-c4f9,9E:72:70:1E:13:02,unit-bravo,web_block,2026-09-14 14:33:14,15-09-2026 13:35:25,www.googleapis.com
EPBG5SVE,host-c4f9,9E:72:70:1E:13:02,unit-bravo,web_block,2026-09-14 08:19:08,15-09-2026 13:35:25,www.googleapis.com
EPVEKWWM,host-aa1b,F2:69:D3:29:AF:66,unit-papa,web_block,2026-09-15 09:13:09,16-09-2026 00:04:57,www.linkedin.com
EPVEKWWM,host-aa1b,F2:69:D3:29:AF:66,unit-papa,web_block,2026-09-15 09:13:09,16-09-2026 00:04:58,www.instagram.com
EPVEKWWM,host-aa1b,F2:69:D3:29:AF:66,unit-papa,web_block,2026-09-15 09:15:09,16-09-2026 00:04:58,www.instagram.com
EPVEKWWM,host-aa1b,F2:69:D3:29:AF:66,unit-papa,web_block,2026-09-15 09:09:09,16-09-2026 00:04:58,www.facebook.com
EPMDU6L5,host-b05e,32:B6:D9:DA:8B:BD,unit-oscar,web_block,2026-09-15 09:23:09,16-09-2026 00:04:59,api.ipify.org
EPMDU6L5,host-b05e,32:B6:D9:DA:8B:BD,unit-oscar,web_block,2026-09-15 13:06:13,16-09-2026 00:04:59,api.ipify.org
EPVEKWWM,host-aa1b,F2:69:D3:29:AF:66,unit-papa,web_block,2026-09-15 09:13:09,16-09-2026 00:04:58,www.instagram.com
EPMDU6L5,host-b05e,32:B6:D9:DA:8B:BD,unit-oscar,web_block,2026-09-15 13:05:13,16-09-2026 00:04:59,api.ipify.org
EPMDU6L5,host-b05e,32:B6:D9:DA:8B:BD,unit-oscar,web_block,2026-09-15 13:07:13,16-09-2026 00:04:59,api.ipify.org
EP6WDXYR,host-e670,4A:AC:68:75:72:18,unit-echo,web_block,2026-09-15 19:39:19,16-09-2026 07:59:04,www.googleapis.com
EP6WDXYR,host-e670,4A:AC:68:75:72:18,unit-echo,web_block,2026-09-15 19:40:19,16-09-2026 07:59:04,www.googleapis.com
EP65VPYQ,host-0b94,C6:55:93:4B:6B:00,unit-bravo,web_block,2026-09-15 11:46:11,16-09-2026 08:47:33,sync.aralego.com
EPBUUL45,host-db40,FE:03:3D:F2:7B:24,unit-november,web_block,2026-09-15 12:57:12,16-09-2026 08:24:48,www.googleapis.com
EPBUUL45,host-db40,FE:03:3D:F2:7B:24,unit-november,web_block,2026-09-15 12:54:12,16-09-2026 08:24:48,www.googleapis.com
EPBUUL45,host-db40,FE:03:3D:F2:7B:24,unit-november,web_block,2026-09-15 12:56:12,16-09-2026 08:24:48,www.googleapis.com
EPBUUL45,host-db40,FE:03:3D:F2:7B:24,unit-november,web_block,2026-09-15 12:58:12,16-09-2026 08:24:48,www.googleapis.com
EPMQTKSL,host-942d,06:30:01:86:E8:62,unit-charlie,web_block,2026-09-15 18:27:18,16-09-2026 08:29:49,ecp.yusercontent.com
EPCLJGKA,host-aa31,0A:0E:E9:38:8B:18,unit-echo,web_block,2026-09-15 18:52:18,16-09-2026 08:48:40,www.facebook.com
EPCLJGKA,host-aa31,0A:0E:E9:38:8B:18,unit-echo,web_block,2026-09-15 18:54:18,16-09-2026 08:48:40,www.facebook.com
EPGSQVEB,host-9a4f,2A:98:89:E3:BB:4A,unit-bravo,web_block,2026-09-09 12:38:12,16-09-2026 08:44:21,www.googleapis.com
EPGSQVEB,host-9a4f,2A:98:89:E3:BB:4A,unit-bravo,web_block,2026-09-09 16:09:16,16-09-2026 08:44:21,www.googleapis.com
EPGSQVEB,host-9a4f,2A:98:89:E3:BB:4A,unit-bravo,web_block,2026-09-09 12:39:12,16-09-2026 08:44:21,www.googleapis.com
EPCLJGKA,host-aa31,0A:0E:E9:38:8B:18,unit-echo,web_block,2026-09-15 18:52:18,16-09-2026 08:48:40,www.linkedin.com
EPCLJGKA,host-aa31,0A:0E:E9:38:8B:18,unit-echo,web_block,2026-09-15 18:53:18,16-09-2026 08:48:40,www.facebook.com
EPCLJGKA,host-aa31,0A:0E:E9:38:8B:18,unit-echo,web_block,2026-09-15 18:52:18,16-09-2026 08:48:40,www.linkedin.com
EPCLJGKA,host-aa31,0A:0E:E9:38:8B:18,unit-echo,web_block,2026-09-15 19:15:19,16-09-2026 08:48:40,www.facebook.com
EPBUUL45,host-db40,FE:03:3D:F2:7B:24,unit-november,web_block,2026-09-15 12:55:12,16-09-2026 08:24:48,www.googleapis.com
EPBUUL45,host-db40,FE:03:3D:F2:7B:24,unit-november,web_block,2026-09-15 12:53:12,16-09-2026 08:24:48,www.googleapis.com
EPMQTKSL,host-942d,06:30:01:86:E8:62,unit-charlie,web_block,2026-09-15 18:28:18,16-09-2026 08:29:49,ecp.yusercontent.com
EPMQTKSL,host-942d,06:30:01:86:E8:62,unit-charlie,web_block,2026-09-15 11:26:11,16-09-2026 08:29:49,sync.aralego.com
EP5KBVLG,host-ee2b,66:E2:12:14:24:01,unit-romeo,web_block,2026-09-15 09:03:09,16-09-2026 08:51:08,www.linkedin.com
EP5KBVLG,host-ee2b,66:E2:12:14:24:01,unit-romeo,web_block,2026-09-15 15:01:15,16-09-2026 08:51:08,www.linkedin.com
EPR4BEDS,host-fe94,12:37:FF:AA:B0:B9,unit-romeo,web_block,2026-09-15 09:03:09,16-09-2026 09:28:40,reddit.com
EPR4BEDS,host-fe94,12:37:FF:AA:B0:B9,unit-romeo,web_block,2026-09-15 09:03:09,16-09-2026 09:28:40,twitter.com
EPYG5XQP,host-a217,62:63:72:D4:90:9C,unit-romeo,web_block,2026-09-15 17:45:17,16-09-2026 14:25:19,ssc.33across.com
EPKTB5NE,host-c506,7A:75:AB:51:C5:8D,unit-november,web_block,2026-09-15 09:52:09,16-09-2026 17:41:36,sync.aralego.com
EPRWDOV2,host-ac88,96:B0:3B:60:3C:64,unit-alpha,web_block,2026-09-16 13:53:13,17-09-2026 08:45:16,www.googleapis.com
EP5KBVLG,host-ee2b,66:E2:12:14:24:01,unit-romeo,web_block,2026-09-16 12:47:12,17-09-2026 08:31:45,www.linkedin.com
EPGSQVEB,host-9a4f,2A:98:89:E3:BB:4A,unit-bravo,web_block,2026-09-09 12:38:12,17-09-2026 08:35:38,www.googleapis.com
EPGSQVEB,host-9a4f,2A:98:89:E3:BB:4A,unit-bravo,web_block,2026-09-09 16:09:16,17-09-2026 08:35:38,www.googleapis.com
EPGSQVEB,host-9a4f,2A:98:89:E3:BB:4A,unit-bravo,web_block,2026-09-09 12:39:12,17-09-2026 08:35:38,www.googleapis.com
EPQTJPGC,host-4379,7E:B7:76:65:14:23,unit-november,web_block,2026-09-16 08:36:08,17-09-2026 09:04:23,www.facebook.com
EP6WDXYR,host-e670,4A:AC:68:75:72:18,unit-echo,web_block,2026-09-16 12:41:12,17-09-2026 09:30:18,www.googleapis.com
EP6WDXYR,host-e670,4A:AC:68:75:72:18,unit-echo,web_block,2026-09-16 12:41:12,17-09-2026 09:30:18,www.googleapis.com
EP6WDXYR,host-e670,4A:AC:68:75:72:18,unit-echo,web_block,2026-09-16 12:41:12,17-09-2026 09:30:18,www.googleapis.com
EP6WDXYR,host-e670,4A:AC:68:75:72:18,unit-echo,web_block,2026-09-16 12:41:12,17-09-2026 09:30:28,www.googleapis.com
EP5KBVLG,host-ee2b,66:E2:12:14:24:01,unit-romeo,web_block,2026-09-16 12:48:12,17-09-2026 08:31:45,www.linkedin.com
EPCLJGKA,host-aa31,0A:0E:E9:38:8B:18,unit-echo,web_block,2026-09-16 09:12:09,17-09-2026 00:05:00,www.facebook.com
EPQBJBDX,host-19e6,1A:B6:F6:34:07:EC,unit-golf,web_block,2026-09-16 16:24:16,17-09-2026 08:01:40,www.googleapis.com
EP65VPYQ,host-0b94,C6:55:93:4B:6B:00,unit-bravo,web_block,2026-09-16 10:10:10,17-09-2026 08:58:09,www.googleapis.com
EPNPX6VY,host-6ef6,82:FB:DF:E6:F2:88,unit-juliett,web_block,2026-09-16 11:47:11,17-09-2026 11:45:06,www.livemint.com
EPVEKWWM,host-aa1b,F2:69:D3:29:AF:66,unit-papa,web_block,2026-09-16 09:22:09,18-09-2026 08:25:36,www.moneycontrol.com
EPVEKWWM,host-aa1b,F2:69:D3:29:AF:66,unit-papa,web_block,2026-09-16 12:06:12,18-09-2026 08:25:36,www.moneycontrol.com
EPVEKWWM,host-aa1b,F2:69:D3:29:AF:66,unit-papa,web_block,2026-09-16 09:24:09,18-09-2026 08:25:36,www.moneycontrol.com
EPN6LGXP,host-9cd3,A6:91:5A:04:53:B4,unit-foxtrot,web_block,2026-09-17 11:51:11,18-09-2026 08:43:16,ip-api.com
EP3PJJZF,host-dc67,3E:BA:F9:10:6B:AB,unit-foxtrot,web_block,2026-09-17 19:07:19,18-09-2026 08:29:42,www.facebook.com
EP3PJJZF,host-dc67,3E:BA:F9:10:6B:AB,unit-foxtrot,web_block,2026-09-17 19:08:19,18-09-2026 08:29:42,www.facebook.com
EP3PJJZF,host-dc67,3E:BA:F9:10:6B:AB,unit-foxtrot,web_block,2026-09-17 19:10:19,18-09-2026 08:29:42,www.facebook.com
EP3PJJZF,host-dc67,3E:BA:F9:10:6B:AB,unit-foxtrot,web_block,2026-09-17 19:24:19,18-09-2026 08:29:42,www.facebook.com
EPMQTKSL,host-942d,06:30:01:86:E8:62,unit-charlie,web_block,2026-09-17 09:46:09,18-09-2026 08:16:39,ecp.yusercontent.com
EPMQTKSL,host-942d,06:30:01:86:E8:62,unit-charlie,web_block,2026-09-17 10:05:10,18-09-2026 08:16:39,ecp.yusercontent.com
EPMQTKSL,host-942d,06:30:01:86:E8:62,unit-charlie,web_block,2026-09-17 19:21:19,18-09-2026 08:16:39,sync.aralego.com
EPMQTKSL,host-942d,06:30:01:86:E8:62,unit-charlie,web_block,2026-09-17 18:12:18,18-09-2026 08:16:39,farm.plista.com
EPMQTKSL,host-942d,06:30:01:86:E8:62,unit-charlie,web_block,2026-09-17 18:15:18,18-09-2026 08:16:39,ecp.yusercontent.com
EPMQTKSL,host-942d,06:30:01:86:E8:62,unit-charlie,web_block,2026-09-17 14:25:14,18-09-2026 08:16:39,ecp.yusercontent.com
EPH5P2EZ,host-b487,AA:47:ED:2F:7D:13,unit-papa,web_block,2026-09-17 09:35:09,18-09-2026 08:47:18,github.com
EP65VPYQ,host-0b94,C6:55:93:4B:6B:00,unit-bravo,web_block,2026-09-17 11:43:11,18-09-2026 08:48:06,www.linkedin.com
EPSES7ZK,host-4c8d,5A:26:AC:95:F8:C6,unit-papa,web_block,2026-09-16 10:37:10,18-09-2026 08:27:07,www.linkedin.com
EPKTB5NE,host-c506,7A:75:AB:51:C5:8D,unit-november,web_block,2026-09-17 09:58:09,18-09-2026 08:31:49,sync.aralego.com
EPSES7ZK,host-4c8d,5A:26:AC:95:F8:C6,unit-papa,web_block,2026-09-16 10:37:10,18-09-2026 08:34:47,www.linkedin.com
EPSES7ZK,host-4c8d,5A:26:AC:95:F8:C6,unit-papa,web_block,2026-09-16 10:37:10,18-09-2026 08:34:47,www.linkedin.com
EPTX4FCZ,host-b44e,02:3D:40:F0:BD:CA,unit-foxtrot,web_block,2026-09-02 12:56:12,18-09-2026 10:32:48,www.facebook.com
EPVC2P55,host-aca0,C2:46:AE:94:76:F6,unit-alpha,web_block,2026-09-17 08:42:08,18-09-2026 12:18:11,www.dropbox.com
EPGSQVEB,host-9a4f,2A:98:89:E3:BB:4A,unit-bravo,web_block,2026-09-09 12:38:12,18-09-2026 12:27:54,www.googleapis.com
EPGSQVEB,host-9a4f,2A:98:89:E3:BB:4A,unit-bravo,web_block,2026-09-09 12:39:12,18-09-2026 12:27:54,www.googleapis.com
EPGSQVEB,host-9a4f,2A:98:89:E3:BB:4A,unit-bravo,web_block,2026-09-09 16:09:16,18-09-2026 12:27:54,www.googleapis.com
EPVC2P55,host-aca0,C2:46:AE:94:76:F6,unit-alpha,web_block,2026-09-17 08:41:08,18-09-2026 12:18:11,www.dropbox.com
EP6WDXYR,host-e670,4A:AC:68:75:72:18,unit-echo,web_block,2026-09-18 19:05:19,19-09-2026 07:57:51,www.googleapis.com
EP6WDXYR,host-e670,4A:AC:68:75:72:18,unit-echo,web_block,2026-09-18 19:18:19,19-09-2026 07:57:51,www.googleapis.com
EP6WDXYR,host-e670,4A:AC:68:75:72:18,unit-echo,web_block,2026-09-18 19:21:19,19-09-2026 07:57:51,www.googleapis.com
EP6WDXYR,host-e670,4A:AC:68:75:72:18,unit-echo,web_block,2026-09-18 18:56:18,19-09-2026 07:57:51,www.googleapis.com
EP6WDXYR,host-e670,4A:AC:68:75:72:18,unit-echo,web_block,2026-09-18 19:09:19,19-09-2026 07:57:51,www.googleapis.com
EP6WDXYR,host-e670,4A:AC:68:75:72:18,unit-echo,web_block,2026-09-18 18:59:18,19-09-2026 07:57:51,www.googleapis.com
EP6WDXYR,host-e670,4A:AC:68:75:72:18,unit-echo,web_block,2026-09-18 19:12:19,19-09-2026 07:57:51,www.googleapis.com
EP6WDXYR,host-e670,4A:AC:68:75:72:18,unit-echo,web_block,2026-09-18 19:25:19,19-09-2026 07:57:51,www.googleapis.com
EP6WDXYR,host-e670,4A:AC:68:75:72:18,unit-echo,web_block,2026-09-18 19:19:19,19-09-2026 07:57:51,www.googleapis.com
EP6WDXYR,host-e670,4A:AC:68:75:72:18,unit-echo,web_block,2026-09-18 19:03:19,19-09-2026 07:57:51,www.googleapis.com
EP6WDXYR,host-e670,4A:AC:68:75:72:18,unit-echo,web_block,2026-09-18 19:16:19,19-09-2026 07:57:51,www.googleapis.com
EP6WDXYR,host-e670,4A:AC:68:75:72:18,unit-echo,web_block,2026-09-18 19:01:19,19-09-2026 07:57:51,www.googleapis.com
EP6WDXYR,host-e670,4A:AC:68:75:72:18,unit-echo,web_block,2026-09-18 19:14:19,19-09-2026 07:57:51,www.googleapis.com
EP6WDXYR,host-e670,4A:AC:68:75:72:18,unit-echo,web_block,2026-09-18 19:00:19,19-09-2026 07:57:51,www.googleapis.com
EP6WDXYR,host-e670,4A:AC:68:75:72:18,unit-echo,web_block,2026-09-18 19:13:19,19-09-2026 07:57:51,www.googleapis.com
EP6WDXYR,host-e670,4A:AC:68:75:72:18,unit-echo,web_block,2026-09-18 19:26:19,19-09-2026 07:57:51,www.googleapis.com
EP6WDXYR,host-e670,4A:AC:68:75:72:18,unit-echo,web_block,2026-09-18 19:06:19,19-09-2026 07:57:51,www.googleapis.com
EP6WDXYR,host-e670,4A:AC:68:75:72:18,unit-echo,web_block,2026-09-18 19:07:19,19-09-2026 07:57:51,www.googleapis.com
EP6WDXYR,host-e670,4A:AC:68:75:72:18,unit-echo,web_block,2026-09-18 19:20:19,19-09-2026 07:57:51,www.googleapis.com
EP6WDXYR,host-e670,4A:AC:68:75:72:18,unit-echo,web_block,2026-09-18 19:08:19,19-09-2026 07:57:51,www.googleapis.com
EP6WDXYR,host-e670,4A:AC:68:75:72:18,unit-echo,web_block,2026-09-18 18:57:18,19-09-2026 07:57:51,www.googleapis.com
EP6WDXYR,host-e670,4A:AC:68:75:72:18,unit-echo,web_block,2026-09-18 19:24:19,19-09-2026 07:57:51,www.googleapis.com
EP6WDXYR,host-e670,4A:AC:68:75:72:18,unit-echo,web_block,2026-09-18 19:22:19,19-09-2026 07:57:51,www.googleapis.com
EP6WDXYR,host-e670,4A:AC:68:75:72:18,unit-echo,web_block,2026-09-18 19:17:19,19-09-2026 07:57:51,www.googleapis.com
EP6WDXYR,host-e670,4A:AC:68:75:72:18,unit-echo,web_block,2026-09-18 19:04:19,19-09-2026 07:57:51,www.googleapis.com
EP6WDXYR,host-e670,4A:AC:68:75:72:18,unit-echo,web_block,2026-09-18 19:11:19,19-09-2026 07:57:51,www.googleapis.com
EP6WDXYR,host-e670,4A:AC:68:75:72:18,unit-echo,web_block,2026-09-18 19:02:19,19-09-2026 07:57:51,www.googleapis.com
EP6WDXYR,host-e670,4A:AC:68:75:72:18,unit-echo,web_block,2026-09-18 19:15:19,19-09-2026 07:57:51,www.googleapis.com
EPVEKWWM,host-aa1b,F2:69:D3:29:AF:66,unit-papa,web_block,2026-09-18 13:14:13,19-09-2026 08:17:37,www.instagram.com
EPVEKWWM,host-aa1b,F2:69:D3:29:AF:66,unit-papa,web_block,2026-09-18 13:17:13,19-09-2026 08:17:37,www.instagram.com
EPVEKWWM,host-aa1b,F2:69:D3:29:AF:66,unit-papa,web_block,2026-09-18 13:07:13,19-09-2026 08:17:37,www.instagram.com
EPG67237,host-de5a,FE:25:9C:53:FF:AC,unit-bravo,web_block,2026-09-18 12:29:12,19-09-2026 08:22:43,sync.aralego.com
EPNWM26Q,host-f23e,F6:D2:4B:B2:1F:60,unit-oscar,web_block,2026-09-18 12:07:12,19-09-2026 08:09:46,www.googleapis.com
EPNWM26Q,host-f23e,F6:D2:4B:B2:1F:60,unit-oscar,web_block,2026-09-18 12:05:12,19-09-2026 08:09:46,www.googleapis.com
EPVEKWWM,host-aa1b,F2:69:D3:29:AF:66,unit-papa,web_block,2026-09-18 13:08:13,19-09-2026 08:17:37,www.instagram.com
EPVEKWWM,host-aa1b,F2:69:D3:29:AF:66,unit-papa,web_block,2026-09-18 13:26:13,19-09-2026 08:17:37,www.instagram.com
EPVEKWWM,host-aa1b,F2:69:D3:29:AF:66,unit-papa,web_block,2026-09-18 13:16:13,19-09-2026 08:17:37,www.instagram.com
EPVEKWWM,host-aa1b,F2:69:D3:29:AF:66,unit-papa,web_block,2026-09-18 13:15:13,19-09-2026 08:17:37,www.instagram.com
EPVEKWWM,host-aa1b,F2:69:D3:29:AF:66,unit-papa,web_block,2026-09-18 13:13:13,19-09-2026 08:17:37,www.instagram.com
EPVEKWWM,host-aa1b,F2:69:D3:29:AF:66,unit-papa,web_block,2026-09-18 13:27:13,19-09-2026 08:17:37,www.instagram.com
EPI5GLUK,host-fdda,1E:9F:10:77:42:92,unit-echo,web_block,2026-09-18 19:54:19,19-09-2026 11:22:11,www.linkedin.com
EP2EVFKU,host-ecfb,CA:9E:38:FA:34:A5,unit-sierra,web_block,2026-09-19 12:22:12,20-09-2026 08:00:50,api.ipify.org
EPMVZYZO,host-ba01,9E:13:02:61:15:F6,unit-quebec,web_block,2026-09-19 18:49:18,20-09-2026 00:05:01,www.googleapis.com
EP6WDXYR,host-e670,4A:AC:68:75:72:18,unit-echo,web_block,2026-09-19 09:48:09,20-09-2026 08:20:40,www.googleapis.com
EP6WDXYR,host-e670,4A:AC:68:75:72:18,unit-echo,web_block,2026-09-19 09:21:09,20-09-2026 08:20:40,www.googleapis.com
EP6WDXYR,host-e670,4A:AC:68:75:72:18,unit-echo,web_block,2026-09-19 09:34:09,20-09-2026 08:20:40,www.googleapis.com
EP6WDXYR,host-e670,4A:AC:68:75:72:18,unit-echo,web_block,2026-09-19 09:47:09,20-09-2026 08:20:40,www.googleapis.com
EP6WDXYR,host-e670,4A:AC:68:75:72:18,unit-echo,web_block,2026-09-19 09:25:09,20-09-2026 08:20:40,www.googleapis.com
EP6WDXYR,host-e670,4A:AC:68:75:72:18,unit-echo,web_block,2026-09-19 09:38:09,20-09-2026 08:20:40,www.googleapis.com
EP6WDXYR,host-e670,4A:AC:68:75:72:18,unit-echo,web_block,2026-09-19 09:50:09,20-09-2026 08:20:40,www.googleapis.com
EP6WDXYR,host-e670,4A:AC:68:75:72:18,unit-echo,web_block,2026-09-19 09:20:09,20-09-2026 08:20:40,www.googleapis.com
EP6WDXYR,host-e670,4A:AC:68:75:72:18,unit-echo,web_block,2026-09-19 09:33:09,20-09-2026 08:20:40,www.googleapis.com
EP6WDXYR,host-e670,4A:AC:68:75:72:18,unit-echo,web_block,2026-09-19 09:46:09,20-09-2026 08:20:40,www.googleapis.com
EP6WDXYR,host-e670,4A:AC:68:75:72:18,unit-echo,web_block,2026-09-19 09:17:09,20-09-2026 08:20:40,www.googleapis.com
EP6WDXYR,host-e670,4A:AC:68:75:72:18,unit-echo,web_block,2026-09-19 09:30:09,20-09-2026 08:20:40,www.googleapis.com
EP6WDXYR,host-e670,4A:AC:68:75:72:18,unit-echo,web_block,2026-09-19 09:43:09,20-09-2026 08:20:40,www.googleapis.com
EP6WDXYR,host-e670,4A:AC:68:75:72:18,unit-echo,web_block,2026-09-19 09:22:09,20-09-2026 08:20:40,www.googleapis.com
EP6WDXYR,host-e670,4A:AC:68:75:72:18,unit-echo,web_block,2026-09-19 09:14:09,20-09-2026 08:20:40,www.googleapis.com
EP6WDXYR,host-e670,4A:AC:68:75:72:18,unit-echo,web_block,2026-09-19 09:28:09,20-09-2026 08:20:40,www.googleapis.com
EP6WDXYR,host-e670,4A:AC:68:75:72:18,unit-echo,web_block,2026-09-19 09:41:09,20-09-2026 08:20:40,www.googleapis.com
EP6WDXYR,host-e670,4A:AC:68:75:72:18,unit-echo,web_block,2026-09-19 09:24:09,20-09-2026 08:20:40,www.googleapis.com
EP6WDXYR,host-e670,4A:AC:68:75:72:18,unit-echo,web_block,2026-09-19 09:37:09,20-09-2026 08:20:40,www.googleapis.com
EP6WDXYR,host-e670,4A:AC:68:75:72:18,unit-echo,web_block,2026-09-19 09:49:09,20-09-2026 08:20:40,www.googleapis.com
EP6WDXYR,host-e670,4A:AC:68:75:72:18,unit-echo,web_block,2026-09-19 09:18:09,20-09-2026 08:20:40,www.googleapis.com
EP6WDXYR,host-e670,4A:AC:68:75:72:18,unit-echo,web_block,2026-09-19 09:19:09,20-09-2026 08:20:40,www.googleapis.com
EP6WDXYR,host-e670,4A:AC:68:75:72:18,unit-echo,web_block,2026-09-19 09:31:09,20-09-2026 08:20:40,www.googleapis.com
EP6WDXYR,host-e670,4A:AC:68:75:72:18,unit-echo,web_block,2026-09-19 09:44:09,20-09-2026 08:20:40,www.googleapis.com
EP6WDXYR,host-e670,4A:AC:68:75:72:18,unit-echo,web_block,2026-09-19 09:35:09,20-09-2026 08:20:40,www.googleapis.com
EP6WDXYR,host-e670,4A:AC:68:75:72:18,unit-echo,web_block,2026-09-19 09:32:09,20-09-2026 08:20:40,www.googleapis.com
EP6WDXYR,host-e670,4A:AC:68:75:72:18,unit-echo,web_block,2026-09-19 09:45:09,20-09-2026 08:20:40,www.googleapis.com
EP6WDXYR,host-e670,4A:AC:68:75:72:18,unit-echo,web_block,2026-09-19 09:40:09,20-09-2026 08:20:40,www.googleapis.com
EP6WDXYR,host-e670,4A:AC:68:75:72:18,unit-echo,web_block,2026-09-19 09:51:09,20-09-2026 08:20:40,www.googleapis.com
EP6WDXYR,host-e670,4A:AC:68:75:72:18,unit-echo,web_block,2026-09-19 09:16:09,20-09-2026 08:20:40,www.googleapis.com
EP6WDXYR,host-e670,4A:AC:68:75:72:18,unit-echo,web_block,2026-09-19 09:29:09,20-09-2026 08:20:40,www.googleapis.com
EP6WDXYR,host-e670,4A:AC:68:75:72:18,unit-echo,web_block,2026-09-19 09:42:09,20-09-2026 08:20:40,www.googleapis.com
EP6WDXYR,host-e670,4A:AC:68:75:72:18,unit-echo,web_block,2026-09-19 09:27:09,20-09-2026 08:20:40,www.googleapis.com
EP6WDXYR,host-e670,4A:AC:68:75:72:18,unit-echo,web_block,2026-09-19 09:26:09,20-09-2026 08:20:40,www.googleapis.com
EP6WDXYR,host-e670,4A:AC:68:75:72:18,unit-echo,web_block,2026-09-19 09:39:09,20-09-2026 08:20:40,www.googleapis.com
EP6WDXYR,host-e670,4A:AC:68:75:72:18,unit-echo,web_block,2026-09-19 09:52:09,20-09-2026 08:20:40,www.googleapis.com
EPMDU6L5,host-b05e,32:B6:D9:DA:8B:BD,unit-oscar,web_block,2026-09-19 13:48:13,20-09-2026 09:53:47,api.ipify.org
EPMDU6L5,host-b05e,32:B6:D9:DA:8B:BD,unit-oscar,web_block,2026-09-18 08:46:08,19-09-2026 13:46:08,api.ipify.org
EPMDU6L5,host-b05e,32:B6:D9:DA:8B:BD,unit-oscar,web_block,2026-09-18 20:07:20,19-09-2026 13:46:08,api.ipify.org
EPMDU6L5,host-b05e,32:B6:D9:DA:8B:BD,unit-oscar,web_block,2026-09-18 19:46:19,19-09-2026 13:46:08,api.ipify.org
EPMDU6L5,host-b05e,32:B6:D9:DA:8B:BD,unit-oscar,web_block,2026-09-18 19:50:19,19-09-2026 13:46:08,api.ipify.org
EPIEVJCR,host-14cd,AE:FF:18:58:9C:B1,unit-lima,web_block,2026-09-19 10:36:10,20-09-2026 09:16:57,www.facebook.com
EPVEKWWM,host-aa1b,F2:69:D3:29:AF:66,unit-papa,web_block,2026-09-19 12:32:12,20-09-2026 08:57:26,www.instagram.com
EPVEKWWM,host-aa1b,F2:69:D3:29:AF:66,unit-papa,web_block,2026-09-19 12:29:12,20-09-2026 08:57:26,www.instagram.com
EPVEKWWM,host-aa1b,F2:69:D3:29:AF:66,unit-papa,web_block,2026-09-19 12:30:12,20-09-2026 08:57:26,www.instagram.com
EPVEKWWM,host-aa1b,F2:69:D3:29:AF:66,unit-papa,web_block,2026-09-19 12:31:12,20-09-2026 08:57:26,www.instagram.com
EP6RMQC5,host-4431,9E:1F:03:96:CD:4B,unit-hotel,web_block,2026-09-19 15:00:15,20-09-2026 12:36:18,sync.aralego.com
EPMDU6L5,host-b05e,32:B6:D9:DA:8B:BD,unit-oscar,web_block,2026-09-20 11:03:11,21-09-2026 00:04:58,api.ipify.org
EPM4M3ZE,host-8951,EE:BB:28:C0:8B:A3,unit-alpha,web_block,2026-09-19 10:08:10,21-09-2026 08:20:18,archive.org
EPMQTKSL,host-942d,06:30:01:86:E8:62,unit-charlie,web_block,2026-09-20 11:54:11,21-09-2026 08:15:58,ecp.yusercontent.com
EPH5P2EZ,host-b487,AA:47:ED:2F:7D:13,unit-papa,web_block,2026-09-20 19:04:19,21-09-2026 07:24:44,www.facebook.com
EPM4M3ZE,host-8951,EE:BB:28:C0:8B:A3,unit-alpha,web_block,2026-09-19 10:12:10,21-09-2026 08:20:18,archive.org
EPM4M3ZE,host-8951,EE:BB:28:C0:8B:A3,unit-alpha,web_block,2026-09-19 10:11:10,21-09-2026 08:20:18,archive.org
EPMQTKSL,host-942d,06:30:01:86:E8:62,unit-charlie,web_block,2026-09-20 11:48:11,21-09-2026 08:15:58,www.facebook.com
EP6WDXYR,host-e670,4A:AC:68:75:72:18,unit-echo,web_block,2026-09-20 18:19:18,21-09-2026 08:10:30,www.googleapis.com
EP6WDXYR,host-e670,4A:AC:68:75:72:18,unit-echo,web_block,2026-09-21 19:19:19,22-09-2026 07:50:37,www.googleapis.com
EPTX4FCZ,host-b44e,02:3D:40:F0:BD:CA,unit-foxtrot,web_block,2026-09-18 11:06:11,21-09-2026 14:29:12,api.ipify.org
EPTX4FCZ,host-b44e,02:3D:40:F0:BD:CA,unit-foxtrot,web_block,2026-09-18 12:54:12,21-09-2026 14:29:12,www.linkedin.com
EPTX4FCZ,host-b44e,02:3D:40:F0:BD:CA,unit-foxtrot,web_block,2026-09-18 10:44:10,21-09-2026 14:29:12,www.facebook.com
EPTX4FCZ,host-b44e,02:3D:40:F0:BD:CA,unit-foxtrot,web_block,2026-09-18 11:06:11,21-09-2026 14:29:12,assets-money.dailyhunt.in
EPTX4FCZ,host-b44e,02:3D:40:F0:BD:CA,unit-foxtrot,web_block,2026-09-18 12:49:12,21-09-2026 14:29:12,www.instagram.com
EPTX4FCZ,host-b44e,02:3D:40:F0:BD:CA,unit-foxtrot,web_block,2026-09-18 12:48:12,21-09-2026 14:29:12,sync.aralego.com
EPTX4FCZ,host-b44e,02:3D:40:F0:BD:CA,unit-foxtrot,web_block,2026-09-18 12:49:12,21-09-2026 14:29:12,www.linkedin.com
EPTX4FCZ,host-b44e,02:3D:40:F0:BD:CA,unit-foxtrot,web_block,2026-09-18 11:15:11,21-09-2026 14:29:12,sync.aralego.com
EPTX4FCZ,host-b44e,02:3D:40:F0:BD:CA,unit-foxtrot,web_block,2026-09-18 11:05:11,21-09-2026 14:29:12,assets-money.dailyhunt.in
EPTX4FCZ,host-b44e,02:3D:40:F0:BD:CA,unit-foxtrot,web_block,2026-09-18 11:17:11,21-09-2026 14:29:12,yandex.ru
EPTX4FCZ,host-b44e,02:3D:40:F0:BD:CA,unit-foxtrot,web_block,2026-09-18 10:45:10,21-09-2026 14:29:12,www.facebook.com
EPTX4FCZ,host-b44e,02:3D:40:F0:BD:CA,unit-foxtrot,web_block,2026-09-18 11:06:11,21-09-2026 14:29:12,api.ipify.org
EPTX4FCZ,host-b44e,02:3D:40:F0:BD:CA,unit-foxtrot,web_block,2026-09-18 12:48:12,21-09-2026 14:29:12,www.instagram.com
EPTX4FCZ,host-b44e,02:3D:40:F0:BD:CA,unit-foxtrot,web_block,2026-09-18 10:36:10,21-09-2026 14:29:12,www.facebook.com
EPTX4FCZ,host-b44e,02:3D:40:F0:BD:CA,unit-foxtrot,web_block,2026-09-18 11:07:11,21-09-2026 14:29:12,assets-money.dailyhunt.in
EPTX4FCZ,host-b44e,02:3D:40:F0:BD:CA,unit-foxtrot,web_block,2026-09-18 10:48:10,21-09-2026 14:29:12,www.facebook.com
EPTX4FCZ,host-b44e,02:3D:40:F0:BD:CA,unit-foxtrot,web_block,2026-09-18 11:05:11,21-09-2026 14:29:12,www.linkedin.com
EPMQTKSL,host-942d,06:30:01:86:E8:62,unit-charlie,web_block,2026-09-21 13:10:13,22-09-2026 08:16:03,ecp.yusercontent.com
EPMQTKSL,host-942d,06:30:01:86:E8:62,unit-charlie,web_block,2026-09-21 08:39:08,22-09-2026 08:16:03,ecp.yusercontent.com
EPMQTKSL,host-942d,06:30:01:86:E8:62,unit-charlie,web_block,2026-09-21 13:08:13,22-09-2026 08:16:03,ecp.yusercontent.com
EPUVWNDY,host-43a5,DA:09:E2:60:FC:7D,unit-charlie,web_block,2026-09-21 19:29:19,22-09-2026 08:17:58,www.facebook.com
EP4MZIBL,host-ae66,2A:DA:D3:FD:29:AD,unit-romeo,web_block,2026-09-21 09:17:09,22-09-2026 08:28:23,www.facebook.com
EPMQTKSL,host-942d,06:30:01:86:E8:62,unit-charlie,web_block,2026-09-21 10:21:10,22-09-2026 08:16:03,sync.aralego.com
EPQBJBDX,host-19e6,1A:B6:F6:34:07:EC,unit-golf,web_block,2026-09-21 14:44:14,22-09-2026 08:53:40,www.googleapis.com
EPQBJBDX,host-19e6,1A:B6:F6:34:07:EC,unit-golf,web_block,2026-09-21 12:14:12,22-09-2026 08:53:40,www.googleapis.com
EPQBJBDX,host-19e6,1A:B6:F6:34:07:EC,unit-golf,web_block,2026-09-21 12:43:12,22-09-2026 08:53:40,www.googleapis.com
EPQBJBDX,host-19e6,1A:B6:F6:34:07:EC,unit-golf,web_block,2026-09-21 12:06:12,22-09-2026 08:53:40,www.googleapis.com
EPQBJBDX,host-19e6,1A:B6:F6:34:07:EC,unit-golf,web_block,2026-09-21 12:08:12,22-09-2026 08:53:40,www.googleapis.com
EPQBJBDX,host-19e6,1A:B6:F6:34:07:EC,unit-golf,web_block,2026-09-21 12:05:12,22-09-2026 08:53:40,www.googleapis.com
EPFE66OS,host-067c,0E:A5:82:23:D2:55,unit-sierra,web_block,2026-09-21 12:00:12,22-09-2026 08:49:54,www.facebook.com
EPFE66OS,host-067c,0E:A5:82:23:D2:55,unit-sierra,web_block,2026-09-21 10:38:10,22-09-2026 08:49:52,www.facebook.com
EPFE66OS,host-067c,0E:A5:82:23:D2:55,unit-sierra,web_block,2026-09-21 10:38:10,22-09-2026 08:49:54,www.facebook.com
EPFE66OS,host-067c,0E:A5:82:23:D2:55,unit-sierra,web_block,2026-09-21 12:00:12,22-09-2026 08:49:52,www.facebook.com
EPGSQVEB,host-9a4f,2A:98:89:E3:BB:4A,unit-bravo,web_block,2026-09-20 08:56:08,22-09-2026 16:43:18,www.googleapis.com
EPGSQVEB,host-9a4f,2A:98:89:E3:BB:4A,unit-bravo,web_block,2026-09-21 23:44:23,22-09-2026 16:43:18,www.googleapis.com
EPGSQVEB,host-9a4f,2A:98:89:E3:BB:4A,unit-bravo,web_block,2026-09-20 08:53:08,22-09-2026 16:43:18,www.googleapis.com
EPGSQVEB,host-9a4f,2A:98:89:E3:BB:4A,unit-bravo,web_block,2026-09-20 08:54:08,22-09-2026 16:43:18,www.googleapis.com
EPGN44A5,host-dfa1,4E:46:1A:C8:81:4A,unit-charlie,web_block,2026-09-21 12:07:12,22-09-2026 08:30:25,www.googleapis.com
EPLKONPA,host-5903,66:05:93:3B:B7:CF,unit-charlie,web_block,2026-09-21 09:21:09,22-09-2026 09:12:51,www.instagram.com
EPLKONPA,host-5903,66:05:93:3B:B7:CF,unit-charlie,web_block,2026-09-21 09:28:09,22-09-2026 09:12:51,www.instagram.com
EPNWM26Q,host-f23e,F6:D2:4B:B2:1F:60,unit-oscar,web_block,2026-09-21 18:14:18,22-09-2026 09:20:02,web.whatsapp.com
EP6WDXYR,host-e670,4A:AC:68:75:72:18,unit-echo,web_block,2026-09-22 12:41:12,23-09-2026 08:33:45,www.googleapis.com
EPGSQVEB,host-9a4f,2A:98:89:E3:BB:4A,unit-bravo,web_block,2026-09-21 23:45:23,22-09-2026 16:43:18,www.googleapis.com
EPMQTKSL,host-942d,06:30:01:86:E8:62,unit-charlie,web_block,2026-09-22 11:16:11,23-09-2026 08:21:07,ecp.yusercontent.com
EPMQTKSL,host-942d,06:30:01:86:E8:62,unit-charlie,web_block,2026-09-22 10:46:10,23-09-2026 08:21:07,ecp.yusercontent.com
EPMQTKSL,host-942d,06:30:01:86:E8:62,unit-charlie,web_block,2026-09-22 10:47:10,23-09-2026 08:21:07,ecp.yusercontent.com
EPMQTKSL,host-942d,06:30:01:86:E8:62,unit-charlie,web_block,2026-09-22 11:15:11,23-09-2026 08:21:07,ecp.yusercontent.com
EPKTB5NE,host-c506,7A:75:AB:51:C5:8D,unit-november,web_block,2026-09-22 09:59:09,23-09-2026 08:07:12,sync.aralego.com
EPTX4FCZ,host-b44e,02:3D:40:F0:BD:CA,unit-foxtrot,web_block,2026-09-22 09:17:09,23-09-2026 09:11:00,www.facebook.com
EPTX4FCZ,host-b44e,02:3D:40:F0:BD:CA,unit-foxtrot,web_block,2026-09-22 09:17:09,23-09-2026 09:11:00,www.facebook.com
EPTX4FCZ,host-b44e,02:3D:40:F0:BD:CA,unit-foxtrot,web_block,2026-09-22 09:18:09,23-09-2026 09:11:00,www.facebook.com
EPTX4FCZ,host-b44e,02:3D:40:F0:BD:CA,unit-foxtrot,web_block,2026-09-22 09:21:09,23-09-2026 09:11:00,www.facebook.com
EPTX4FCZ,host-b44e,02:3D:40:F0:BD:CA,unit-foxtrot,web_block,2026-09-22 09:25:09,23-09-2026 09:11:00,www.facebook.com
EPTX4FCZ,host-b44e,02:3D:40:F0:BD:CA,unit-foxtrot,web_block,2026-09-22 09:26:09,23-09-2026 09:11:00,www.facebook.com
EPTX4FCZ,host-b44e,02:3D:40:F0:BD:CA,unit-foxtrot,web_block,2026-09-22 09:26:09,23-09-2026 09:11:00,api.ipify.org
EPTX4FCZ,host-b44e,02:3D:40:F0:BD:CA,unit-foxtrot,web_block,2026-09-22 09:28:09,23-09-2026 09:11:00,www.facebook.com
EPTX4FCZ,host-b44e,02:3D:40:F0:BD:CA,unit-foxtrot,web_block,2026-09-22 11:40:11,23-09-2026 09:11:00,sync.aralego.com
EPTX4FCZ,host-b44e,02:3D:40:F0:BD:CA,unit-foxtrot,web_block,2026-09-22 12:27:12,23-09-2026 09:11:00,sync.aralego.com
EPTX4FCZ,host-b44e,02:3D:40:F0:BD:CA,unit-foxtrot,web_block,2026-09-22 12:36:12,23-09-2026 09:11:00,api.ipify.org
EPTX4FCZ,host-b44e,02:3D:40:F0:BD:CA,unit-foxtrot,web_block,2026-09-22 13:35:13,23-09-2026 09:11:00,www.linkedin.com
EPTX4FCZ,host-b44e,02:3D:40:F0:BD:CA,unit-foxtrot,web_block,2026-09-22 13:51:13,23-09-2026 09:11:00,www.livemint.com
EPTX4FCZ,host-b44e,02:3D:40:F0:BD:CA,unit-foxtrot,web_block,2026-09-22 13:52:13,23-09-2026 09:11:00,sync.aralego.com
EPTX4FCZ,host-b44e,02:3D:40:F0:BD:CA,unit-foxtrot,web_block,2026-09-22 13:56:13,23-09-2026 09:11:00,sync.aralego.com
EPUVWNDY,host-43a5,DA:09:E2:60:FC:7D,unit-charlie,web_block,2026-09-22 08:18:08,23-09-2026 09:54:17,www.facebook.com
EPMDU6L5,host-b05e,32:B6:D9:DA:8B:BD,unit-oscar,web_block,2026-09-21 10:33:10,23-09-2026 08:49:21,api.ipify.org
EPTX4FCZ,host-b44e,02:3D:40:F0:BD:CA,unit-foxtrot,web_block,2026-09-22 09:16:09,23-09-2026 09:11:00,www.instagram.com
EP2C4ZH5,host-a81b,D6:0B:BC:20:19:CA,unit-romeo,web_block,2026-09-22 13:01:13,23-09-2026 09:30:54,sync.aralego.com
EP2C4ZH5,host-a81b,D6:0B:BC:20:19:CA,unit-romeo,web_block,2026-09-22 12:59:12,23-09-2026 09:30:54,sync.aralego.com
EP2SJ6NE,host-a976,BE:4C:5C:70:25:8F,unit-bravo,web_block,2026-09-22 12:06:12,23-09-2026 11:47:30,www.googleapis.com
EP2SJ6NE,host-a976,BE:4C:5C:70:25:8F,unit-bravo,web_block,2026-09-22 12:06:12,23-09-2026 11:47:30,www.linkedin.com
EP2SJ6NE,host-a976,BE:4C:5C:70:25:8F,unit-bravo,web_block,2026-09-22 12:07:12,23-09-2026 11:47:30,www.googleapis.com
EPVEKWWM,host-aa1b,F2:69:D3:29:AF:66,unit-papa,web_block,2026-09-21 14:22:14,23-09-2026 13:08:57,www.instagram.com
EPVEKWWM,host-aa1b,F2:69:D3:29:AF:66,unit-papa,web_block,2026-09-21 14:21:14,23-09-2026 13:08:57,www.instagram.com
EPVEKWWM,host-aa1b,F2:69:D3:29:AF:66,unit-papa,web_block,2026-09-21 14:20:14,23-09-2026 13:08:57,www.instagram.com
EPVEKWWM,host-aa1b,F2:69:D3:29:AF:66,unit-papa,web_block,2026-09-21 14:38:14,23-09-2026 13:08:57,www.instagram.com
EPVEKWWM,host-aa1b,F2:69:D3:29:AF:66,unit-papa,web_block,2026-09-21 14:19:14,23-09-2026 13:08:57,www.instagram.com
EPVEKWWM,host-aa1b,F2:69:D3:29:AF:66,unit-papa,web_block,2026-09-21 14:27:14,23-09-2026 13:08:57,www.instagram.com
EPMQTKSL,host-942d,06:30:01:86:E8:62,unit-charlie,web_block,2026-09-23 19:09:19,24-09-2026 08:24:15,sync.aralego.com
EPQBJBDX,host-19e6,1A:B6:F6:34:07:EC,unit-golf,web_block,2026-09-23 11:55:11,24-09-2026 08:12:20,www.googleapis.com
EPQBJBDX,host-19e6,1A:B6:F6:34:07:EC,unit-golf,web_block,2026-09-23 15:04:15,24-09-2026 08:12:20,www.googleapis.com
EPQBJBDX,host-19e6,1A:B6:F6:34:07:EC,unit-golf,web_block,2026-09-23 11:52:11,24-09-2026 08:12:20,www.googleapis.com
EPQBJBDX,host-19e6,1A:B6:F6:34:07:EC,unit-golf,web_block,2026-09-23 12:34:12,24-09-2026 08:12:20,www.googleapis.com
EPQBJBDX,host-19e6,1A:B6:F6:34:07:EC,unit-golf,web_block,2026-09-23 12:04:12,24-09-2026 08:12:20,www.googleapis.com
EPNWM26Q,host-f23e,F6:D2:4B:B2:1F:60,unit-oscar,web_block,2026-09-23 18:51:18,24-09-2026 08:36:06,www.facebook.com
EPNXD2NI,host-bfb4,56:B2:D7:2A:B4:25,unit-quebec,web_block,2026-09-23 16:36:16,24-09-2026 09:15:15,www.dropbox.com
EPNXD2NI,host-bfb4,56:B2:D7:2A:B4:25,unit-quebec,web_block,2026-09-23 16:36:16,24-09-2026 09:15:17,www.dropbox.com
EP4MZIBL,host-ae66,2A:DA:D3:FD:29:AD,unit-romeo,web_block,2026-09-23 12:03:12,24-09-2026 09:24:02,www.facebook.com
EP6WDXYR,host-e670,4A:AC:68:75:72:18,unit-echo,web_block,2026-09-23 12:29:12,24-09-2026 09:07:19,www.googleapis.com
EPNWM26Q,host-f23e,F6:D2:4B:B2:1F:60,unit-oscar,web_block,2026-09-23 18:51:18,24-09-2026 08:35:39,www.facebook.com
EPNPX6VY,host-6ef6,82:FB:DF:E6:F2:88,unit-juliett,web_block,2026-09-22 18:47:18,24-09-2026 11:47:31,www.googleapis.com
EPNPX6VY,host-6ef6,82:FB:DF:E6:F2:88,unit-juliett,web_block,2026-09-22 18:58:18,24-09-2026 11:47:31,www.googleapis.com
EPNPX6VY,host-6ef6,82:FB:DF:E6:F2:88,unit-juliett,web_block,2026-09-22 19:12:19,24-09-2026 11:47:31,www.googleapis.com
EPNPX6VY,host-6ef6,82:FB:DF:E6:F2:88,unit-juliett,web_block,2026-09-22 19:08:19,24-09-2026 11:47:31,www.googleapis.com
EPNPX6VY,host-6ef6,82:FB:DF:E6:F2:88,unit-juliett,web_block,2026-09-22 18:54:18,24-09-2026 11:47:31,www.googleapis.com
EPNPX6VY,host-6ef6,82:FB:DF:E6:F2:88,unit-juliett,web_block,2026-09-22 19:07:19,24-09-2026 11:47:31,www.googleapis.com
EPNPX6VY,host-6ef6,82:FB:DF:E6:F2:88,unit-juliett,web_block,2026-09-22 18:49:18,24-09-2026 11:47:31,www.googleapis.com
EPNPX6VY,host-6ef6,82:FB:DF:E6:F2:88,unit-juliett,web_block,2026-09-22 19:06:19,24-09-2026 11:47:31,www.googleapis.com
EPNPX6VY,host-6ef6,82:FB:DF:E6:F2:88,unit-juliett,web_block,2026-09-22 18:55:18,24-09-2026 11:47:31,www.googleapis.com
EPNPX6VY,host-6ef6,82:FB:DF:E6:F2:88,unit-juliett,web_block,2026-09-22 19:02:19,24-09-2026 11:47:31,www.googleapis.com
EPNPX6VY,host-6ef6,82:FB:DF:E6:F2:88,unit-juliett,web_block,2026-09-22 18:54:18,24-09-2026 11:47:31,www.googleapis.com
EPNPX6VY,host-6ef6,82:FB:DF:E6:F2:88,unit-juliett,web_block,2026-09-22 18:59:18,24-09-2026 11:47:31,www.googleapis.com
EPNPX6VY,host-6ef6,82:FB:DF:E6:F2:88,unit-juliett,web_block,2026-09-22 18:51:18,24-09-2026 11:47:31,www.googleapis.com
EPNPX6VY,host-6ef6,82:FB:DF:E6:F2:88,unit-juliett,web_block,2026-09-22 18:56:18,24-09-2026 11:47:31,www.googleapis.com
EPNPX6VY,host-6ef6,82:FB:DF:E6:F2:88,unit-juliett,web_block,2026-09-22 19:03:19,24-09-2026 11:47:31,www.googleapis.com
EPNPX6VY,host-6ef6,82:FB:DF:E6:F2:88,unit-juliett,web_block,2026-09-22 19:09:19,24-09-2026 11:47:31,www.googleapis.com
EPNPX6VY,host-6ef6,82:FB:DF:E6:F2:88,unit-juliett,web_block,2026-09-22 18:57:18,24-09-2026 11:47:31,www.googleapis.com
EPNPX6VY,host-6ef6,82:FB:DF:E6:F2:88,unit-juliett,web_block,2026-09-22 19:04:19,24-09-2026 11:47:31,www.googleapis.com
EPNPX6VY,host-6ef6,82:FB:DF:E6:F2:88,unit-juliett,web_block,2026-09-22 19:05:19,24-09-2026 11:47:31,www.googleapis.com
EPNPX6VY,host-6ef6,82:FB:DF:E6:F2:88,unit-juliett,web_block,2026-09-22 18:45:18,24-09-2026 11:47:31,www.googleapis.com
EPNPX6VY,host-6ef6,82:FB:DF:E6:F2:88,unit-juliett,web_block,2026-09-22 18:52:18,24-09-2026 11:47:31,www.googleapis.com
EPNPX6VY,host-6ef6,82:FB:DF:E6:F2:88,unit-juliett,web_block,2026-09-22 19:10:19,24-09-2026 11:47:31,www.googleapis.com
EPNPX6VY,host-6ef6,82:FB:DF:E6:F2:88,unit-juliett,web_block,2026-09-22 18:46:18,24-09-2026 11:47:31,www.googleapis.com
EPNPX6VY,host-6ef6,82:FB:DF:E6:F2:88,unit-juliett,web_block,2026-09-22 18:53:18,24-09-2026 11:47:31,www.googleapis.com
EPNPX6VY,host-6ef6,82:FB:DF:E6:F2:88,unit-juliett,web_block,2026-09-22 19:11:19,24-09-2026 11:47:31,www.googleapis.com
EPNPX6VY,host-6ef6,82:FB:DF:E6:F2:88,unit-juliett,web_block,2026-09-22 18:50:18,24-09-2026 11:47:31,www.googleapis.com
EPNPX6VY,host-6ef6,82:FB:DF:E6:F2:88,unit-juliett,web_block,2026-09-22 19:01:19,24-09-2026 11:47:31,www.googleapis.com
EPNPX6VY,host-6ef6,82:FB:DF:E6:F2:88,unit-juliett,web_block,2026-09-22 18:43:18,24-09-2026 11:47:31,www.googleapis.com
EPBWRBCV,host-947e,46:46:5D:81:38:BD,unit-echo,web_block,2026-09-24 10:38:10,25-09-2026 09:11:36,www.facebook.com
EPNPX6VY,host-6ef6,82:FB:DF:E6:F2:88,unit-juliett,web_block,2026-09-24 14:03:14,25-09-2026 00:04:57,www.facebook.com
EPNPX6VY,host-6ef6,82:FB:DF:E6:F2:88,unit-juliett,web_block,2026-09-24 14:02:14,25-09-2026 00:04:57,www.facebook.com
EPNPX6VY,host-6ef6,82:FB:DF:E6:F2:88,unit-juliett,web_block,2026-09-24 14:04:14,25-09-2026 00:04:57,www.facebook.com
EPMQTKSL,host-942d,06:30:01:86:E8:62,unit-charlie,web_block,2026-09-24 13:19:13,25-09-2026 00:05:03,ecp.yusercontent.com
EPMQTKSL,host-942d,06:30:01:86:E8:62,unit-charlie,web_block,2026-09-24 20:41:20,25-09-2026 00:05:03,farm.plista.com
EPMQTKSL,host-942d,06:30:01:86:E8:62,unit-charlie,web_block,2026-09-24 13:37:13,25-09-2026 00:05:03,ecp.yusercontent.com
EPMQTKSL,host-942d,06:30:01:86:E8:62,unit-charlie,web_block,2026-09-24 13:46:13,25-09-2026 00:05:03,sync.aralego.com
EPMQTKSL,host-942d,06:30:01:86:E8:62,unit-charlie,web_block,2026-09-24 08:49:08,25-09-2026 00:05:03,sync.aralego.com
EPVEKWWM,host-aa1b,F2:69:D3:29:AF:66,unit-papa,web_block,2026-09-24 19:23:19,25-09-2026 00:05:01,www.facebook.com
EPZETVZS,host-3ed9,92:7B:58:0A:FE:67,unit-golf,web_block,2026-09-24 09:50:09,25-09-2026 12:35:47,www.instagram.com
EPZETVZS,host-3ed9,92:7B:58:0A:FE:67,unit-golf,web_block,2026-09-24 09:50:09,25-09-2026 12:35:37,www.linkedin.com
EPZETVZS,host-3ed9,92:7B:58:0A:FE:67,unit-golf,web_block,2026-09-24 09:50:09,25-09-2026 12:35:47,www.linkedin.com
EPZETVZS,host-3ed9,92:7B:58:0A:FE:67,unit-golf,web_block,2026-09-24 09:50:09,25-09-2026 12:35:37,www.linkedin.com
EPZETVZS,host-3ed9,92:7B:58:0A:FE:67,unit-golf,web_block,2026-09-24 09:50:09,25-09-2026 12:35:37,www.instagram.com
EPZETVZS,host-3ed9,92:7B:58:0A:FE:67,unit-golf,web_block,2026-09-24 09:50:09,25-09-2026 12:35:47,www.instagram.com
EPZETVZS,host-3ed9,92:7B:58:0A:FE:67,unit-golf,web_block,2026-09-24 09:50:09,25-09-2026 12:35:47,www.instagram.com
EPO7DU5Z,host-cfaa,16:10:66:ED:F0:D9,unit-foxtrot,web_block,2026-09-24 13:36:13,25-09-2026 08:35:14,www.linkedin.com
EPO7DU5Z,host-cfaa,16:10:66:ED:F0:D9,unit-foxtrot,web_block,2026-09-24 13:37:13,25-09-2026 08:35:14,sync.aralego.com
EPPI5OVD,host-8e2e,1E:EF:EB:87:6D:79,unit-charlie,web_block,2026-09-24 09:13:09,25-09-2026 08:38:05,www.instagram.com
EPX6YJD7,host-374c,8E:6A:AD:CC:62:DB,unit-romeo,web_block,2026-09-24 18:44:18,25-09-2026 06:05:33,www.googleapis.com
EPX6YJD7,host-374c,8E:6A:AD:CC:62:DB,unit-romeo,web_block,2026-09-24 18:37:18,25-09-2026 06:05:33,www.googleapis.com
EPX6YJD7,host-374c,8E:6A:AD:CC:62:DB,unit-romeo,web_block,2026-09-24 18:52:18,25-09-2026 06:05:33,www.googleapis.com
EPX6YJD7,host-374c,8E:6A:AD:CC:62:DB,unit-romeo,web_block,2026-09-24 18:43:18,25-09-2026 06:05:33,www.googleapis.com
EPX6YJD7,host-374c,8E:6A:AD:CC:62:DB,unit-romeo,web_block,2026-09-24 18:45:18,25-09-2026 06:05:33,www.googleapis.com
EPX6YJD7,host-374c,8E:6A:AD:CC:62:DB,unit-romeo,web_block,2026-09-24 18:46:18,25-09-2026 06:05:33,www.googleapis.com
EPX6YJD7,host-374c,8E:6A:AD:CC:62:DB,unit-romeo,web_block,2026-09-24 18:41:18,25-09-2026 06:05:33,www.googleapis.com
EPX6YJD7,host-374c,8E:6A:AD:CC:62:DB,unit-romeo,web_block,2026-09-24 18:55:18,25-09-2026 06:05:33,www.googleapis.com
EPX6YJD7,host-374c,8E:6A:AD:CC:62:DB,unit-romeo,web_block,2026-09-24 18:39:18,25-09-2026 06:05:33,www.googleapis.com
EPX6YJD7,host-374c,8E:6A:AD:CC:62:DB,unit-romeo,web_block,2026-09-24 18:53:18,25-09-2026 06:05:33,www.googleapis.com
EPX6YJD7,host-374c,8E:6A:AD:CC:62:DB,unit-romeo,web_block,2026-09-24 18:48:18,25-09-2026 06:05:33,www.googleapis.com
EPX6YJD7,host-374c,8E:6A:AD:CC:62:DB,unit-romeo,web_block,2026-09-24 18:49:18,25-09-2026 06:05:33,www.googleapis.com
EPX6YJD7,host-374c,8E:6A:AD:CC:62:DB,unit-romeo,web_block,2026-09-24 18:40:18,25-09-2026 06:05:33,www.googleapis.com
EPX6YJD7,host-374c,8E:6A:AD:CC:62:DB,unit-romeo,web_block,2026-09-24 18:54:18,25-09-2026 06:05:33,www.googleapis.com
EPX6YJD7,host-374c,8E:6A:AD:CC:62:DB,unit-romeo,web_block,2026-09-24 18:56:18,25-09-2026 06:05:33,www.googleapis.com
EPX6YJD7,host-374c,8E:6A:AD:CC:62:DB,unit-romeo,web_block,2026-09-24 18:42:18,25-09-2026 06:05:33,www.googleapis.com
EPX6YJD7,host-374c,8E:6A:AD:CC:62:DB,unit-romeo,web_block,2026-09-24 18:50:18,25-09-2026 06:05:33,www.googleapis.com
EPTX4FCZ,host-b44e,02:3D:40:F0:BD:CA,unit-foxtrot,web_block,2026-09-23 09:11:09,25-09-2026 09:05:51,www.instagram.com
EPFE66OS,host-067c,0E:A5:82:23:D2:55,unit-sierra,web_block,2026-09-24 10:16:10,25-09-2026 08:49:46,www.facebook.com
EPR4BEDS,host-fe94,12:37:FF:AA:B0:B9,unit-romeo,web_block,2026-09-24 09:10:09,25-09-2026 08:49:32,reddit.com
EPR4BEDS,host-fe94,12:37:FF:AA:B0:B9,unit-romeo,web_block,2026-09-24 09:10:09,25-09-2026 08:49:32,twitter.com
EP2EVFKU,host-ecfb,CA:9E:38:FA:34:A5,unit-sierra,web_block,2026-09-24 17:50:17,25-09-2026 08:53:08,www.facebook.com
EPO7DU5Z,host-cfaa,16:10:66:ED:F0:D9,unit-foxtrot,web_block,2026-09-24 13:36:13,25-09-2026 08:35:14,www.facebook.com
EPO7DU5Z,host-cfaa,16:10:66:ED:F0:D9,unit-foxtrot,web_block,2026-09-24 13:36:13,25-09-2026 08:35:14,www.instagram.com
EPO7DU5Z,host-cfaa,16:10:66:ED:F0:D9,unit-foxtrot,web_block,2026-09-24 13:36:13,25-09-2026 08:35:14,api.ipify.org
EPGSQVEB,host-9a4f,2A:98:89:E3:BB:4A,unit-bravo,web_block,2026-09-23 10:44:10,25-09-2026 13:49:49,www.googleapis.com
EPGSQVEB,host-9a4f,2A:98:89:E3:BB:4A,unit-bravo,web_block,2026-09-23 17:12:17,25-09-2026 13:49:49,www.googleapis.com
EPGSQVEB,host-9a4f,2A:98:89:E3:BB:4A,unit-bravo,web_block,2026-09-23 15:48:15,25-09-2026 13:49:49,www.googleapis.com
EPGSQVEB,host-9a4f,2A:98:89:E3:BB:4A,unit-bravo,web_block,2026-09-23 10:36:10,25-09-2026 13:49:49,www.googleapis.com
EPGSQVEB,host-9a4f,2A:98:89:E3:BB:4A,unit-bravo,web_block,2026-09-23 17:10:17,25-09-2026 13:49:49,www.googleapis.com
EPGSQVEB,host-9a4f,2A:98:89:E3:BB:4A,unit-bravo,web_block,2026-09-21 23:45:23,25-09-2026 13:49:49,www.googleapis.com
EPGSQVEB,host-9a4f,2A:98:89:E3:BB:4A,unit-bravo,web_block,2026-09-23 10:27:10,25-09-2026 13:49:49,www.googleapis.com
EPGSQVEB,host-9a4f,2A:98:89:E3:BB:4A,unit-bravo,web_block,2026-09-23 11:46:11,25-09-2026 13:49:49,www.googleapis.com
EPGSQVEB,host-9a4f,2A:98:89:E3:BB:4A,unit-bravo,web_block,2026-09-23 17:18:17,25-09-2026 13:49:49,www.googleapis.com
EPGSQVEB,host-9a4f,2A:98:89:E3:BB:4A,unit-bravo,web_block,2026-09-23 11:47:11,25-09-2026 13:49:49,www.googleapis.com
EPGSQVEB,host-9a4f,2A:98:89:E3:BB:4A,unit-bravo,web_block,2026-09-21 23:44:23,25-09-2026 13:49:49,www.googleapis.com
EPGSQVEB,host-9a4f,2A:98:89:E3:BB:4A,unit-bravo,web_block,2026-09-23 15:18:15,25-09-2026 13:49:49,www.googleapis.com
EPGSQVEB,host-9a4f,2A:98:89:E3:BB:4A,unit-bravo,web_block,2026-09-23 10:25:10,25-09-2026 13:49:49,www.googleapis.com
EPGSQVEB,host-9a4f,2A:98:89:E3:BB:4A,unit-bravo,web_block,2026-09-23 15:20:15,25-09-2026 13:49:49,www.googleapis.com
EPGSQVEB,host-9a4f,2A:98:89:E3:BB:4A,unit-bravo,web_block,2026-09-21 23:44:23,25-09-2026 13:49:49,www.googleapis.com
EPGSQVEB,host-9a4f,2A:98:89:E3:BB:4A,unit-bravo,web_block,2026-09-23 11:48:11,25-09-2026 13:49:49,www.googleapis.com
EPGSQVEB,host-9a4f,2A:98:89:E3:BB:4A,unit-bravo,web_block,2026-09-23 12:19:12,25-09-2026 13:49:49,www.googleapis.com
EPGSQVEB,host-9a4f,2A:98:89:E3:BB:4A,unit-bravo,web_block,2026-09-23 14:47:14,25-09-2026 13:49:49,www.googleapis.com
EPGSQVEB,host-9a4f,2A:98:89:E3:BB:4A,unit-bravo,web_block,2026-09-21 23:45:23,25-09-2026 13:49:49,www.googleapis.com
EPGSQVEB,host-9a4f,2A:98:89:E3:BB:4A,unit-bravo,web_block,2026-09-23 11:56:11,25-09-2026 13:49:49,www.googleapis.com
EPGSQVEB,host-9a4f,2A:98:89:E3:BB:4A,unit-bravo,web_block,2026-09-23 10:26:10,25-09-2026 13:49:49,www.googleapis.com
EPGSQVEB,host-9a4f,2A:98:89:E3:BB:4A,unit-bravo,web_block,2026-09-23 15:27:15,25-09-2026 13:49:49,www.googleapis.com
EPWADX3W,host-5699,72:5F:D5:71:F1:62,unit-juliett,web_block,2026-09-26 09:36:09,27-09-2026 00:04:57,www.googleapis.com
EPWADX3W,host-5699,72:5F:D5:71:F1:62,unit-juliett,web_block,2026-09-26 09:40:09,27-09-2026 00:04:57,www.googleapis.com
EPNPX6VY,host-6ef6,82:FB:DF:E6:F2:88,unit-juliett,web_block,2026-09-26 13:05:13,27-09-2026 00:04:57,www.facebook.com
EPGSQVEB,host-9a4f,2A:98:89:E3:BB:4A,unit-bravo,web_block,2026-09-26 10:03:10,27-09-2026 09:19:52,www.googleapis.com
EPGSQVEB,host-9a4f,2A:98:89:E3:BB:4A,unit-bravo,web_block,2026-09-26 10:01:10,27-09-2026 09:19:52,www.googleapis.com
EPGSQVEB,host-9a4f,2A:98:89:E3:BB:4A,unit-bravo,web_block,2026-09-26 10:14:10,27-09-2026 09:19:52,www.googleapis.com
EPGSQVEB,host-9a4f,2A:98:89:E3:BB:4A,unit-bravo,web_block,2026-09-26 10:37:10,27-09-2026 09:19:52,www.googleapis.com
EPZETVZS,host-3ed9,92:7B:58:0A:FE:67,unit-golf,web_block,2026-09-24 09:50:09,26-09-2026 11:45:51,www.linkedin.com
EPZETVZS,host-3ed9,92:7B:58:0A:FE:67,unit-golf,web_block,2026-09-24 09:50:09,26-09-2026 11:45:51,www.instagram.com
EPZETVZS,host-3ed9,92:7B:58:0A:FE:67,unit-golf,web_block,2026-09-24 09:50:09,26-09-2026 11:45:51,www.instagram.com
EPZETVZS,host-3ed9,92:7B:58:0A:FE:67,unit-golf,web_block,2026-09-24 09:50:09,26-09-2026 11:45:51,www.instagram.com
EPZETVZS,host-3ed9,92:7B:58:0A:FE:67,unit-golf,web_block,2026-09-24 09:50:09,26-09-2026 11:45:51,www.linkedin.com
EPZETVZS,host-3ed9,92:7B:58:0A:FE:67,unit-golf,web_block,2026-09-24 09:50:09,26-09-2026 11:45:51,www.instagram.com
EPZETVZS,host-3ed9,92:7B:58:0A:FE:67,unit-golf,web_block,2026-09-24 09:50:09,26-09-2026 11:45:51,www.instagram.com
EPZETVZS,host-3ed9,92:7B:58:0A:FE:67,unit-golf,web_block,2026-09-24 09:50:09,26-09-2026 11:45:51,www.instagram.com
EPGSQVEB,host-9a4f,2A:98:89:E3:BB:4A,unit-bravo,web_block,2026-09-26 10:02:10,27-09-2026 09:19:52,www.googleapis.com
EPGSQVEB,host-9a4f,2A:98:89:E3:BB:4A,unit-bravo,web_block,2026-09-26 12:14:12,27-09-2026 09:19:52,www.googleapis.com
EP6WDXYR,host-e670,4A:AC:68:75:72:18,unit-echo,web_block,2026-09-26 19:07:19,27-09-2026 07:29:23,www.googleapis.com
EP6WDXYR,host-e670,4A:AC:68:75:72:18,unit-echo,web_block,2026-09-26 19:02:19,27-09-2026 07:29:22,www.googleapis.com
EP6WDXYR,host-e670,4A:AC:68:75:72:18,unit-echo,web_block,2026-09-26 19:06:19,27-09-2026 07:29:22,www.googleapis.com
EP6WDXYR,host-e670,4A:AC:68:75:72:18,unit-echo,web_block,2026-09-26 19:03:19,27-09-2026 07:29:22,www.googleapis.com
EP6WDXYR,host-e670,4A:AC:68:75:72:18,unit-echo,web_block,2026-09-26 19:01:19,27-09-2026 07:29:22,www.googleapis.com
EP6WDXYR,host-e670,4A:AC:68:75:72:18,unit-echo,web_block,2026-09-26 19:02:19,27-09-2026 07:29:23,www.googleapis.com
EP6WDXYR,host-e670,4A:AC:68:75:72:18,unit-echo,web_block,2026-09-26 19:01:19,27-09-2026 07:29:23,www.googleapis.com
EP6WDXYR,host-e670,4A:AC:68:75:72:18,unit-echo,web_block,2026-09-26 19:04:19,27-09-2026 07:29:23,www.googleapis.com
EP6WDXYR,host-e670,4A:AC:68:75:72:18,unit-echo,web_block,2026-09-26 19:03:19,27-09-2026 07:29:23,www.googleapis.com
EP6WDXYR,host-e670,4A:AC:68:75:72:18,unit-echo,web_block,2026-09-26 19:06:19,27-09-2026 07:29:22,www.googleapis.com
EP6WDXYR,host-e670,4A:AC:68:75:72:18,unit-echo,web_block,2026-09-26 19:01:19,27-09-2026 07:29:22,www.googleapis.com
EP6WDXYR,host-e670,4A:AC:68:75:72:18,unit-echo,web_block,2026-09-26 19:04:19,27-09-2026 07:29:22,www.googleapis.com
EP6WDXYR,host-e670,4A:AC:68:75:72:18,unit-echo,web_block,2026-09-26 19:06:19,27-09-2026 07:29:23,www.googleapis.com
EP6WDXYR,host-e670,4A:AC:68:75:72:18,unit-echo,web_block,2026-09-26 19:08:19,27-09-2026 07:29:23,www.googleapis.com
EPH5P2EZ,host-b487,AA:47:ED:2F:7D:13,unit-papa,web_block,2026-09-25 14:20:14,26-09-2026 08:22:21,www.facebook.com
EPIHPLA2,host-4cea,82:D1:34:96:C5:97,unit-oscar,web_block,2026-09-25 18:26:18,26-09-2026 08:06:40,www.facebook.com
EP6WDXYR,host-e670,4A:AC:68:75:72:18,unit-echo,web_block,2026-09-25 17:59:17,26-09-2026 07:01:57,www.googleapis.com
EP6WDXYR,host-e670,4A:AC:68:75:72:18,unit-echo,web_block,2026-09-25 18:00:18,26-09-2026 07:01:57,www.googleapis.com
EP6WDXYR,host-e670,4A:AC:68:75:72:18,unit-echo,web_block,2026-09-25 18:12:18,26-09-2026 07:01:57,www.googleapis.com
EP6WDXYR,host-e670,4A:AC:68:75:72:18,unit-echo,web_block,2026-09-25 18:02:18,26-09-2026 07:01:57,www.googleapis.com
EP6WDXYR,host-e670,4A:AC:68:75:72:18,unit-echo,web_block,2026-09-25 18:14:18,26-09-2026 07:01:57,www.googleapis.com
EP6WDXYR,host-e670,4A:AC:68:75:72:18,unit-echo,web_block,2026-09-25 18:05:18,26-09-2026 07:01:57,www.googleapis.com
EP6WDXYR,host-e670,4A:AC:68:75:72:18,unit-echo,web_block,2026-09-25 18:04:18,26-09-2026 07:01:57,www.googleapis.com
EP6WDXYR,host-e670,4A:AC:68:75:72:18,unit-echo,web_block,2026-09-25 18:06:18,26-09-2026 07:01:57,www.googleapis.com
EP6WDXYR,host-e670,4A:AC:68:75:72:18,unit-echo,web_block,2026-09-25 18:01:18,26-09-2026 07:01:57,www.googleapis.com
EP6WDXYR,host-e670,4A:AC:68:75:72:18,unit-echo,web_block,2026-09-25 18:13:18,26-09-2026 07:01:57,www.googleapis.com
EP6WDXYR,host-e670,4A:AC:68:75:72:18,unit-echo,web_block,2026-09-25 18:07:18,26-09-2026 07:01:57,www.googleapis.com
EP6WDXYR,host-e670,4A:AC:68:75:72:18,unit-echo,web_block,2026-09-25 18:11:18,26-09-2026 07:01:57,www.googleapis.com
EP6WDXYR,host-e670,4A:AC:68:75:72:18,unit-echo,web_block,2026-09-25 18:08:18,26-09-2026 07:01:57,www.googleapis.com
EP6WDXYR,host-e670,4A:AC:68:75:72:18,unit-echo,web_block,2026-09-25 18:03:18,26-09-2026 07:01:57,www.googleapis.com
EP6WDXYR,host-e670,4A:AC:68:75:72:18,unit-echo,web_block,2026-09-25 18:15:18,26-09-2026 07:01:57,www.googleapis.com
EP6WDXYR,host-e670,4A:AC:68:75:72:18,unit-echo,web_block,2026-09-25 18:09:18,26-09-2026 07:01:57,www.googleapis.com
EP6WDXYR,host-e670,4A:AC:68:75:72:18,unit-echo,web_block,2026-09-25 17:58:17,26-09-2026 07:01:57,www.googleapis.com
EP6WDXYR,host-e670,4A:AC:68:75:72:18,unit-echo,web_block,2026-09-25 18:10:18,26-09-2026 07:01:57,www.googleapis.com
EP4MZIBL,host-ae66,2A:DA:D3:FD:29:AD,unit-romeo,web_block,2026-09-25 11:55:11,26-09-2026 08:51:37,www.facebook.com
EP4MZIBL,host-ae66,2A:DA:D3:FD:29:AD,unit-romeo,web_block,2026-09-25 11:56:11,26-09-2026 08:51:37,www.facebook.com
EPVEKWWM,host-aa1b,F2:69:D3:29:AF:66,unit-papa,web_block,2026-09-25 08:41:08,26-09-2026 08:26:40,www.facebook.com
EPVEKWWM,host-aa1b,F2:69:D3:29:AF:66,unit-papa,web_block,2026-09-25 08:00:08,26-09-2026 08:26:40,www.facebook.com
EPVEKWWM,host-aa1b,F2:69:D3:29:AF:66,unit-papa,web_block,2026-09-25 14:58:14,26-09-2026 08:26:40,www.facebook.com
EPKTB5NE,host-c506,7A:75:AB:51:C5:8D,unit-november,web_block,2026-09-25 10:56:10,26-09-2026 09:07:27,sync.aralego.com
EPTX4FCZ,host-b44e,02:3D:40:F0:BD:CA,unit-foxtrot,web_block,2026-09-25 09:16:09,26-09-2026 09:28:58,www.facebook.com
EPTX4FCZ,host-b44e,02:3D:40:F0:BD:CA,unit-foxtrot,web_block,2026-09-25 09:17:09,26-09-2026 09:28:58,www.facebook.com
EPTX4FCZ,host-b44e,02:3D:40:F0:BD:CA,unit-foxtrot,web_block,2026-09-25 09:11:09,26-09-2026 09:28:58,www.facebook.com
EPR4BEDS,host-fe94,12:37:FF:AA:B0:B9,unit-romeo,web_block,2026-09-25 12:29:12,26-09-2026 09:20:19,www.facebook.com
EPR4BEDS,host-fe94,12:37:FF:AA:B0:B9,unit-romeo,web_block,2026-09-25 11:49:11,26-09-2026 09:20:19,www.facebook.com
EPR4BEDS,host-fe94,12:37:FF:AA:B0:B9,unit-romeo,web_block,2026-09-25 12:18:12,26-09-2026 09:20:19,www.facebook.com
EPR4BEDS,host-fe94,12:37:FF:AA:B0:B9,unit-romeo,web_block,2026-09-25 13:47:13,26-09-2026 09:20:19,www.facebook.com
EPR4BEDS,host-fe94,12:37:FF:AA:B0:B9,unit-romeo,web_block,2026-09-25 13:19:13,26-09-2026 09:20:19,www.facebook.com
EPR4BEDS,host-fe94,12:37:FF:AA:B0:B9,unit-romeo,web_block,2026-09-25 14:40:14,26-09-2026 09:20:19,twitter.com
EPR4BEDS,host-fe94,12:37:FF:AA:B0:B9,unit-romeo,web_block,2026-09-25 12:19:12,26-09-2026 09:20:19,www.facebook.com
EPR4BEDS,host-fe94,12:37:FF:AA:B0:B9,unit-romeo,web_block,2026-09-25 14:40:14,26-09-2026 09:20:19,reddit.com
EPR4BEDS,host-fe94,12:37:FF:AA:B0:B9,unit-romeo,web_block,2026-09-25 13:00:13,26-09-2026 09:20:19,www.facebook.com
EPR4BEDS,host-fe94,12:37:FF:AA:B0:B9,unit-romeo,web_block,2026-09-25 13:16:13,26-09-2026 09:20:19,www.facebook.com
EPR4BEDS,host-fe94,12:37:FF:AA:B0:B9,unit-romeo,web_block,2026-09-25 09:27:09,26-09-2026 09:20:19,www.facebook.com
EPR4BEDS,host-fe94,12:37:FF:AA:B0:B9,unit-romeo,web_block,2026-09-25 13:45:13,26-09-2026 09:20:19,www.facebook.com
EPR4BEDS,host-fe94,12:37:FF:AA:B0:B9,unit-romeo,web_block,2026-09-25 11:36:11,26-09-2026 09:20:19,www.facebook.com
EPR4BEDS,host-fe94,12:37:FF:AA:B0:B9,unit-romeo,web_block,2026-09-25 11:48:11,26-09-2026 09:20:19,www.facebook.com
EPR4BEDS,host-fe94,12:37:FF:AA:B0:B9,unit-romeo,web_block,2026-09-25 09:15:09,26-09-2026 09:20:19,www.facebook.com
EPX6YJD7,host-374c,8E:6A:AD:CC:62:DB,unit-romeo,web_block,2026-09-25 20:54:20,26-09-2026 17:47:20,www.googleapis.com
EPX6YJD7,host-374c,8E:6A:AD:CC:62:DB,unit-romeo,web_block,2026-09-25 20:55:20,26-09-2026 17:47:20,www.googleapis.com
EPX6YJD7,host-374c,8E:6A:AD:CC:62:DB,unit-romeo,web_block,2026-09-25 20:56:20,26-09-2026 17:47:20,www.googleapis.com
EPX6YJD7,host-374c,8E:6A:AD:CC:62:DB,unit-romeo,web_block,2026-09-25 20:57:20,26-09-2026 17:47:20,www.googleapis.com
EPX6YJD7,host-374c,8E:6A:AD:CC:62:DB,unit-romeo,web_block,2026-09-25 20:58:20,26-09-2026 17:47:20,www.googleapis.com
EPX6YJD7,host-374c,8E:6A:AD:CC:62:DB,unit-romeo,web_block,2026-09-25 20:59:20,26-09-2026 17:47:20,www.googleapis.com
EPH5P2EZ,host-b487,AA:47:ED:2F:7D:13,unit-papa,web_block,2026-09-26 14:03:14,27-09-2026 10:39:14,www.facebook.com
